;Agnadello, Marconi, 6;Annicco, Giuseppe Garibaldi, 6;Bagnolo Cremasco, Roma, 3;Bonemerse, Roma, 25;Camisano, Trieste, 57;Capergnanica, XI febbraio, 7;Capralba, Piave, 2;Casalbuttano ed Uniti, Jacini, 23;Casale Cremasco-Vidolasco, Roma, 56;Casaletto Vaprio, Maggiore, 7;Casalmaggiore, Guglielmo Marconi, 8;Casalpusterlengo, Pusterla 7;Castelleone, Roma, 67;Castelverde, Ubaldo Ferrari, 15;Cingia de' Botti, Giuseppina, 79;Crema, Civerchi, 9;Crema, Dante Alighieri, 49;Cremona, Sesto, 41;Cremona, Ugolani Dati, 4;Dovera, Oldrini 2;Fiesco, Giuseppe Parini, 10;Gadesco-Pieve Delmona, Giovanni Lonati 9;Grontardo, Roma, 16;Grumello Cremonese ed Uniti, Roma, 2;Gussola, Comaschi, 1;Isola Dovarese, Giacomo Matteotti, 1;Izano, Gerardo da Izano, 4/C;Madignano, Portici, 4;Martignana di Po, Libertï¿½, 64;Monte Cremasco, Roma, 12;Montodine,  XXV Aprile, 10;Offanengo, Clavelli Martini, 5;Ostiano, Mazzini, 1;Paderno Ponchielli, Municipio, 3;Palazzo Pignano, Marco Polo, 31;Pandino, Castello, 15;Persico Dosimo, Albert ,7;Pescarolo ed Uniti, Giuseppe Mazzini, 73;Piadena, Platina, 40;Pianengo, Roma, 59;Pizzighettone, Giuseppe Garibaldi, 18;Manerbio, INSURREZIONE NAZIONALE;Viadana, A. Manzoni, 2;Ricengo, Guglielmo Marconi;Ripalta Cremasca, Roma, 5;Rivarolo del Re ed Uniti, Giovanni XXIII, 5;Rivolta d'Adda, Stefano Renzi, 5;Romanengo, Guaiarini, 14;San Bassano, Mons. Frosi (ex piazza Scuole);San Giovanni in Croce, Feudatari, 25 A;Scandolara Ravara, Italia;Sergnano, IV Novembre,  10;Sesto ed Uniti, Roma, 4;Solarolo Rainerio, Giuseppina, 81;Soncino, Dante Alighieri, 23;Soresina, Giacomo Matteotti, 6;Sospiro;Spino d'Adda, Circonvallazione, 13;Trescore Cremasco, Vittorio Veneto, 1;Trigolo, Roma, 26;Vaiano Cremasco,  Gloriosi Caduti, 3;Vailate, Dante Alighieri, 7;Vescovato, Roma, 44;Cremona, Felice Cavallotti, 2;Cremona, Palosca n. 2;Cremona, Palosca n. 2.1;Ostiano;San Giovanni
Agnadello, Marconi, 6;61.0;47844.0;15755.0;67123.0;20433.0;18977.0;8718.0;49814.0;20998.0;10.848;100.8;36207.0;31652.0;57646.0;83343.0;21008.0;20614.0;50.2;59426.0;10245.0;31998.0;66982.0;71462.0;46585.0;94.61;83344.0;27537.0;24886.0;96983.0;11178.0;11178.0;22603.0;107.11;47871.0;11354.0;5219.0;64101.0;75982.0;89121.0;568225.0;44108.0;55263.0;113564.0;19577.0;23168.0;102188.0;6887.0;31213.0;38891.0;89927.0;89045.0;18203.0;50.75;88822.0;30751.0;39458.0;72.138;10483.0;10596.0;35285.0;12619.0;5003.0;72047.0;59817.0;64234.0;64234.0;107757.0;107757.0
Annicco, Giuseppe Garibaldi, 6;46623.0;0.0;33759.0;25454.0;36706.0;29716.0;41926.0;7866.0;35287.0;34.752;59131.0;26511.0;15663.0;14415.0;41674.0;26109.0;26538.0;8531.0;17757.0;41438.0;16731.0;25313.0;29793.0;5796.0;52941.0;41675.0;20244.0;22.08;55314.0;37759.0;19662.0;24361.0;40853.0;11.0;11.0;41946.0;22432.0;34313.0;47452.0;530829.0;15218.0;31571.0;71895.0;31019.0;24869.0;60519.0;49685.0;20751.0;20751.0;48258.0;47376.0;36448.0;9081.0;47153.0;19865.0;6336.0;30.469;44882.0;35246.0;12981.0;36472.0;46184.0;30378.0;18148.0;22565.0;22565.0;40561.0;40561.0
Bagnolo Cremasco, Roma, 3;15212.0;34788.0;0.0;54067.0;23084.0;5.5;16992.0;36407.0;21665.0;10.456;87744.0;29767.0;18596.0;44.59;70287.0;8132.0;9975.0;37144.0;46.37;10027.0;19.07;53926.0;58406.0;33529.0;81554.0;70288.0;14609.0;11958.0;83927.0;3526.0;3526.0;14918.0;69466.0;34815.0;5261.0;8413.0;51045.0;62926.0;76065.0;551121.0;29508.0;51001.0;100508.0;17397.0;10.24;10.24;18274.0;18285.0;18285.0;76871.0;75989.0;16884.0;37694.0;75766.0;25927.0;26.53;59.082;13471.0;8752.0;22357.0;2833.0;14731.0;58991.0;46761.0;51178.0;51178.0;69174.0;69174.0
Bonemerse, Roma, 25;67066.0;26.37;54175.0;0.0;57149.0;50159.0;57181.0;21456.0;55.73;55.195;36041.0;53135.0;36106.0;14591.0;18584.0;46552.0;46981.0;16729.0;6.33;61881.0;40311.0;9518.0;14684.0;26513.0;27395.0;23693.0;44198.0;42523.0;32224.0;58202.0;40105.0;48315.0;22714.0;26397.0;57123.0;60275.0;9817.0;16331.0;29.47;522045.0;33748.0;36431.0;48805.0;51462.0;45312.0;37429.0;70128.0;45019.0;30833.0;25168.0;24546.0;56891.0;18599.0;24063.0;42701.0;31929.0;7.379;65325.0;55689.0;37235.0;56915.0;61439.0;12396.0;6563.0;3637.0;3637.0;22579.0;25758.0
Camisano, Trieste, 57;20626.0;33449.0;23002.0;57.64;0.0;20002.0;16348.0;34731.0;5032.0;14.954;91317.0;40289.0;22169.0;43643.0;73.86;14195.0;14351.0;40717.0;49943.0;24303.0;18.87;57499.0;55.92;37102.0;85127.0;73861.0;14658.0;15403.0;87.5;22091.0;23378.0;10274.0;62951.0;33476.0;18167.0;20696.0;54618.0;62.58;79638.0;560387.0;35953.0;40.18;104081.0;7674.0;17834.0;92705.0;21949.0;16062.0;29408.0;80444.0;79562.0;5.86;41267.0;79339.0;17331.0;29687.0;62.655;27766.0;15448.0;22157.0;20804.0;15047.0;62564.0;50334.0;54751.0;54751.0;67091.0;81034.0
Capergnanica, XI febbraio, 7;19574.0;30975.0;6145.0;50254.0;19812.0;0.0;15242.0;33048.0;18393.0;12.073;83931.0;26618.0;14783.0;40777.0;66474.0;6235.0;5402.0;33331.0;42557.0;14389.0;15798.0;50113.0;54593.0;29716.0;77741.0;66475.0;11337.0;8686.0;80114.0;10.71;10299.0;11646.0;65496.0;31002.0;9631.0;12783.0;47232.0;59113.0;72252.0;547308.0;25695.0;47729.0;96695.0;14125.0;5108.0;85319.0;22636.0;15013.0;22022.0;73058.0;72176.0;15135.0;33881.0;71953.0;22655.0;23171.0;55.269;17833.0;13122.0;19085.0;9423.0;19.09;55178.0;42948.0;47365.0;47365.0;65361.0;73648.0
Capralba, Piave, 2;8753.0;40176.0;16322.0;62704.0;16395.0;15022.0;36.0;41.83;11259.0;5.32;96381.0;37832.0;27233.0;50.37;78924.0;11.09;11995.0;45781.0;55007.0;17766.0;23934.0;62563.0;62647.0;42166.0;90191.0;78925.0;19722.0;20467.0;92564.0;15554.0;20921.0;14247.0;69678.0;40203.0;11.63;14159.0;59682.0;69307.0;84702.0;557.93;41017.0;46907.0;109145.0;11221.0;15377.0;97769.0;13481.0;21126.0;34472.0;85508.0;84886.0;9847.0;46331.0;84403.0;22395.0;34751.0;67.719;21229.0;8911.0;27221.0;14267.0;5059.0;67628.0;55398.0;59815.0;59815.0;72155.0;86098.0
Casalbuttano ed Uniti, Jacini, 23;50527.0;9244.0;40639.0;21.56;35397.0;37639.0;42163.0;123.0;35524.0;40.769;55237.0;35644.0;18506.0;8915.0;37.78;31832.0;31988.0;13425.0;14608.0;48318.0;20674.0;21419.0;22536.0;14929.0;49047.0;37781.0;24187.0;25338.0;51.42;44639.0;23301.0;27096.0;29567.0;9271.0;43982.0;46511.0;15317.0;29196.0;43558.0;533631.0;24351.0;23327.0;68001.0;33489.0;28508.0;56625.0;56375.0;22467.0;18681.0;44364.0;43742.0;36685.0;14223.0;43259.0;21581.0;10754.0;26.575;51762.0;41263.0;16924.0;43352.0;46421.0;26484.0;14999.0;18671.0;18671.0;32044.0;44954.0
Casale Cremasco-Vidolasco, Roma, 56;19.57;33558.0;21448.0;56086.0;5043.0;18448.0;11206.0;35212.0;0.0;9.812;89763.0;38735.0;20615.0;43752.0;72306.0;12641.0;12797.0;39163.0;48389.0;19161.0;17316.0;55945.0;56029.0;35548.0;83573.0;72307.0;13104.0;13849.0;85946.0;16949.0;21824.0;7241.0;63.06;33585.0;13025.0;15554.0;53064.0;62689.0;78084.0;558833.0;34399.0;40289.0;102527.0;4215.0;16.28;91151.0;22502.0;14508.0;27854.0;78.89;78268.0;1.81;39713.0;77785.0;15777.0;28133.0;61.101;22624.0;10306.0;20603.0;15662.0;15.6;61.01;48.78;53197.0;53197.0;65537.0;79.48
Casaletto Vaprio, Maggiore, 7;10.584;36.077;10.709;55.356;15.09;11.848;5.363;40.153;9.954;0.0;0.0;89.033;37.5;19.885;45.879;71.576;7.917;8.635;47.659;47.659;11.321;22.629;55.215;61.342;34.818;82.843;71.577;18.417;13.119;85.216;9.109;17.747;12.942;68.373;36.104;5.185;7.714;52.334;64.215;77.354;554.756;33.143;45.602;101.864;9.916;12.203;90.421;17.407;19.821;27.124;78.16;77.278;8.542;38.983;77.055;21.09;29.363;200.766;14.784;1.715;25.784;7.822;7.843;60.28;48.05;52.467;70.85;78.75
Casalmaggiore, Guglielmo Marconi, 8;100776.0;60.08;87885.0;36074.0;90859.0;83869.0;90891.0;55166.0;89.44;88.916;0.0;91.65;69816.0;48301.0;18284.0;80262.0;80691.0;50439.0;40711.0;125284.0;74021.0;40723.0;40769.0;60223.0;7664.0;26925.0;77908.0;76233.0;5119.0;91912.0;73815.0;82693.0;36669.0;60107.0;90833.0;96099.0;43876.0;36428.0;18751.0;473051.0;65956.0;71153.0;13692.0;85172.0;79022.0;10038.0;103838.0;78729.0;64543.0;11928.0;14637.0;90601.0;52309.0;12444.0;76411.0;65639.0;59.444;99035.0;89399.0;70945.0;90625.0;95149.0;37064.0;42845.0;37347.0;37347.0;36534.0;12025.0
Casalpusterlengo, Pusterla 7;36456.0;25866.0;30284.0;54429.0;39929.0;28241.0;37924.0;33601.0;38.51;37.44;92.05;75.0;21035.0;32793.0;70649.0;27201.0;26541.0;27253.0;31376.0;26197.0;26635.0;52433.0;46609.0;19756.0;81916.0;68795.0;29.78;27012.0;72.13;29392.0;17382.0;31763.0;67816.0;25893.0;33771.0;31779.0;39248.0;61433.0;74572.0;523268.0;12146.0;77489.0;104732.0;34242.0;22589.0;77335.0;39518.0;31343.0;22522.0;65074.0;64452.0;39671.0;23062.0;63969.0;38985.0;28813.0;41.37;32368.0;35736.0;31964.0;33307.0;42075.0;57498.0;31614.0;39381.0;39381.0;67681.0;65664.0
Castelleone, Roma, 67;31774.0;17076.0;18883.0;36355.0;21857.0;14867.0;21889.0;18712.0;20438.0;19.903;70032.0;21013.0;141.0;26878.0;52575.0;11.26;11689.0;19432.0;28658.0;26589.0;5822.0;36214.0;40694.0;15817.0;63842.0;52576.0;9709.0;7231.0;66215.0;22.91;4813.0;13826.0;51597.0;17103.0;21831.0;24983.0;33333.0;45214.0;58353.0;541111.0;14668.0;43246.0;82796.0;16.17;10.02;71.42;34836.0;10.53;8123.0;59159.0;58537.0;21599.0;19982.0;58054.0;18172.0;8463.0;19.154;30033.0;20397.0;10243.0;21623.0;26147.0;41279.0;29049.0;33466.0;33466.0;51462.0;59749.0
Castelverde, Ubaldo Ferrari, 15;57.5;14231.0;44609.0;14139.0;43.42;40593.0;50186.0;8359.0;43547.0;48.792;47816.0;32864.0;26.54;0.26;30359.0;36986.0;37415.0;7163.0;7187.0;52315.0;30745.0;13998.0;15599.0;16947.0;41626.0;30.36;34632.0;32957.0;43999.0;48636.0;30539.0;35119.0;29381.0;14258.0;47557.0;50709.0;11117.0;22998.0;36137.0;526.21;24173.0;29436.0;60.58;41896.0;35746.0;49204.0;60562.0;30.49;21267.0;36943.0;36061.0;44708.0;9033.0;35838.0;29604.0;18777.0;11.933;55759.0;46123.0;27669.0;47349.0;54444.0;19063.0;7578.0;11.25;11.25;29246.0;37533.0
Cingia de' Botti, Giuseppina, 79;83346.0;42.65;70455.0;18644.0;73429.0;66439.0;73461.0;37736.0;72.01;71.475;18252.0;69.95;52386.0;30871.0;0.0;62832.0;63213.0;33009.0;23281.0;78161.0;56591.0;23293.0;23339.0;42793.0;13573.0;15859.0;60478.0;58803.0;14435.0;74482.0;56385.0;65263.0;25381.0;42677.0;73403.0;78669.0;26446.0;18998.0;12221.0;490442.0;48526.0;53269.0;31016.0;67742.0;61592.0;19.64;86408.0;61299.0;47113.0;7379.0;6757.0;73171.0;34879.0;6274.0;58981.0;48209.0;51.677;81605.0;71969.0;53515.0;73195.0;77719.0;19634.0;25366.0;19917.0;19917.0;25246.0;7969.0
Crema, Civerchi, 9;20952.0;27383.0;8041.0;46662.0;14.04;6084.0;11288.0;31621.0;12621.0;8.066;80339.0;26935.0;11191.0;37185.0;62882.0;87.0;1043.0;29739.0;38965.0;15767.0;10026.0;46521.0;51001.0;26124.0;74149.0;62883.0;5565.0;4425.0;76522.0;12088.0;10024.0;5.19;62061.0;27.41;11009.0;14161.0;43.64;55521.0;68.66;547033.0;24975.0;41957.0;93103.0;6296.0;4.48;81727.0;24014.0;9241.0;18.43;69466.0;68844.0;8015.0;30289.0;68361.0;16883.0;18997.0;52.121;19211.0;8.56;13313.0;10801.0;15546.0;51586.0;39356.0;43773.0;43773.0;61769.0;70056.0
Crema, Dante Alighieri, 49;20.33;27827.0;7419.0;47106.0;15995.0;5118.0;12108.0;29.69;14576.0;9.943;80783.0;26408.0;11635.0;37629.0;63326.0;1144.0;0.0;30183.0;39409.0;15145.0;11981.0;46965.0;51445.0;26568.0;74593.0;63327.0;7.52;4869.0;76966.0;11466.0;9497.0;5576.0;62505.0;27854.0;10387.0;13539.0;44084.0;55965.0;69104.0;546506.0;24893.0;43912.0;93547.0;6682.0;3953.0;82171.0;23392.0;11196.0;18874.0;69.91;69288.0;8401.0;30733.0;68805.0;18838.0;19441.0;12.35;18589.0;9.07;15268.0;10179.0;16366.0;52.03;39.8;44217.0;44217.0;62213.0;70.5
Cremona, Sesto, 41;50336.0;9.64;37445.0;16922.0;40419.0;33429.0;40451.0;12321.0;39.0;47.519;50599.0;29154.0;19376.0;7445.0;33142.0;29822.0;30251.0;0.0;9225.0;45151.0;24255.0;16781.0;21261.0;9783.0;44409.0;33143.0;27468.0;25793.0;46782.0;41472.0;23375.0;32253.0;32164.0;9667.0;40393.0;45659.0;13.9;25781.0;38.92;522297.0;18931.0;43379.0;63363.0;34732.0;28582.0;51987.0;53398.0;28289.0;14103.0;39726.0;39104.0;40161.0;4.44;38621.0;28728.0;15199.0;12.35;48595.0;38959.0;20505.0;40185.0;44709.0;21846.0;9616.0;14033.0;14033.0;32029.0;40316.0
Cremona, Ugolani Dati, 4;59.39;18694.0;46499.0;7335.0;49473.0;42483.0;49505.0;14376.0;48054.0;47.519;41012.0;31076.0;28.43;7511.0;23555.0;38876.0;39305.0;9053.0;55.0;54205.0;32635.0;8626.0;13829.0;18837.0;34822.0;24988.0;36522.0;34847.0;37195.0;50526.0;32429.0;41307.0;24009.0;18721.0;49447.0;54713.0;6468.0;17626.0;30765.0;520838.0;22385.0;35224.0;53776.0;43786.0;37636.0;42.4;62452.0;37343.0;23157.0;30139.0;29517.0;49215.0;10923.0;29034.0;35621.0;24253.0;66.624;57649.0;48013.0;29559.0;49239.0;53763.0;13691.0;2.03;4446.0;4446.0;23874.0;30729.0
Dovera, Oldrini 2;9884.0;42396.0;10307.0;61675.0;24.28;13529.0;17839.0;43887.0;19144.0;11.304;95352.0;25955.0;26204.0;52198.0;77895.0;15.56;15166.0;44752.0;53978.0;61.0;26.55;61534.0;66014.0;41137.0;89162.0;77896.0;22089.0;19438.0;91535.0;5.73;23264.0;22398.0;77074.0;42423.0;7635.0;5643.0;58653.0;70534.0;83673.0;548725.0;36244.0;54792.0;139437.0;19106.0;17.72;96.74;13382.0;25765.0;33443.0;84479.0;83597.0;17732.0;45302.0;83374.0;30.28;34.01;46.441;8598.0;9.6;29837.0;7171.0;15939.0;66599.0;54369.0;58786.0;58786.0;76782.0;85069.0
Fiesco, Giuseppe Parini, 10;31922.0;16.6;19058.0;41326.0;18732.0;16058.0;23952.0;20043.0;17313.0;22.558;75003.0;27596.0;5416.0;31849.0;57546.0;10251.0;10407.0;24403.0;33629.0;26737.0;0.0;41185.0;41232.0;20788.0;68813.0;57547.0;4487.0;8131.0;71186.0;23058.0;11373.0;8604.0;48263.0;16627.0;21979.0;27245.0;38304.0;50185.0;63324.0;547671.0;20066.0;38024.0;87767.0;13045.0;13.89;76391.0;34984.0;5308.0;12.53;64.13;63248.0;18474.0;24953.0;63025.0;12.95;10711.0;10.233;30181.0;23052.0;4161.0;21771.0;28.21;46.25;34.02;38437.0;38437.0;50.74;64.72
Gadesco-Pieve Delmona, Giovanni Lonati 9;66555.0;25859.0;53664.0;10562.0;56638.0;49648.0;56.67;20945.0;55219.0;54.684;40611.0;52144.0;35595.0;14.08;23154.0;46041.0;46.47;16218.0;8101.0;61.37;39.8;431.0;7924.0;26002.0;33.65;17653.0;43687.0;42012.0;36794.0;57691.0;39594.0;48472.0;16831.0;25886.0;56612.0;61878.0;3125.0;10291.0;23.43;521054.0;29629.0;35.44;53375.0;50951.0;44801.0;40816.0;69617.0;44508.0;30322.0;29738.0;29116.0;56.38;18088.0;28633.0;42.19;31418.0;17.071;64814.0;55178.0;36724.0;56404.0;60928.0;6356.0;9609.0;7673.0;7673.0;16539.0;29145.0
Grontardo, Roma, 16;71283.0;30587.0;58392.0;18123.0;56.15;54376.0;62916.0;22472.0;56277.0;61.522;40676.0;59705.0;40323.0;16121.0;23219.0;50769.0;51198.0;20946.0;13278.0;66098.0;41427.0;8644.0;76.0;30.73;33715.0;17718.0;44.94;46.74;36859.0;62419.0;44322.0;47849.0;10452.0;30614.0;61.34;66606.0;7643.0;4571.0;23495.0;530229.0;34357.0;23956.0;53.44;54242.0;49529.0;40881.0;74345.0;43.22;35.05;29803.0;29181.0;57438.0;22816.0;28698.0;42334.0;31507.0;30.462;69542.0;62016.0;37677.0;61132.0;67174.0;3901.0;16304.0;15234.0;15234.0;10.16;29.21
Grumello Cremonese ed Uniti, Roma, 2;46791.0;5821.0;33.9;25447.0;36874.0;29884.0;36906.0;13556.0;35455.0;34.92;59124.0;20893.0;15831.0;15.97;41667.0;26277.0;26658.0;8524.0;17.75;41606.0;20036.0;25306.0;29786.0;294.0;52934.0;41668.0;23923.0;22248.0;55307.0;37927.0;19.83;28708.0;40846.0;5848.0;36848.0;42114.0;22425.0;34306.0;47445.0;530822.0;8442.0;51904.0;71888.0;31187.0;25037.0;60512.0;49853.0;24744.0;10558.0;48251.0;47369.0;36616.0;5117.0;47146.0;24909.0;11.38;23.179;45.05;35414.0;16.96;36.64;41164.0;30371.0;18141.0;22558.0;22558.0;40554.0;48841.0
Gussola, Comaschi, 1;94592.0;53896.0;81701.0;29.89;84675.0;77685.0;84707.0;48982.0;83256.0;82.732;7636.0;81074.0;63632.0;42117.0;13579.0;74078.0;74507.0;44255.0;34527.0;89407.0;67837.0;33764.0;33.81;54039.0;253.0;25268.0;71724.0;70049.0;3142.0;85728.0;67631.0;76509.0;35169.0;53923.0;84649.0;89915.0;38146.0;30698.0;17094.0;479826.0;57666.0;63.74;20.4;78988.0;72838.0;14.04;97654.0;72545.0;58359.0;9654.0;7713.0;84417.0;46125.0;9017.0;70227.0;59455.0;20.003;92851.0;83215.0;64761.0;84441.0;88965.0;31334.0;33648.0;31163.0;31163.0;34877.0;10368.0
Isola Dovarese, Giacomo Matteotti, 1;82902.0;42206.0;70011.0;26714.0;72985.0;65995.0;73017.0;37292.0;71566.0;71.031;26265.0;68491.0;51942.0;30427.0;15717.0;62388.0;62817.0;32565.0;24448.0;77717.0;56147.0;17.43;17476.0;42349.0;24791.0;0.0;60034.0;58359.0;22448.0;74038.0;55941.0;64819.0;12766.0;42233.0;72959.0;78225.0;20583.0;13135.0;8777.0;498455.0;45976.0;34996.0;39029.0;67298.0;61148.0;26163.0;85964.0;60855.0;46669.0;14641.0;18087.0;72727.0;34435.0;15157.0;58537.0;47765.0;49.637;81161.0;71525.0;53071.0;72751.0;77275.0;13771.0;28402.0;24.02;24.02;12474.0;14492.0
Izano, Gerardo da Izano, 4/C;27426.0;20186.0;14562.0;44622.0;14493.0;11562.0;19713.0;23629.0;13074.0;18.319;78299.0;29816.0;9276.0;35145.0;60842.0;5755.0;5911.0;27699.0;36925.0;22241.0;4.46;44481.0;44818.0;24084.0;72109.0;60843.0;133.0;3635.0;74482.0;18562.0;13593.0;3545.0;51849.0;20213.0;17483.0;22749.0;41.6;53481.0;66.62;549891.0;23926.0;37627.0;91.13;8806.0;9394.0;79687.0;30488.0;4911.0;16.39;67426.0;66804.0;14235.0;28249.0;66321.0;12553.0;14297.0;47.876;25685.0;18813.0;7747.0;17275.0;23971.0;49546.0;37316.0;41733.0;41733.0;54326.0;68016.0
Madignano, Portici, 4;24836.0;23582.0;11972.0;42861.0;14919.0;8972.0;14951.0;25073.0;13.5;13.214;76538.0;27172.0;7.39;33384.0;59081.0;4322.0;4703.0;25938.0;35164.0;19651.0;8211.0;42.72;47.2;22323.0;70348.0;59082.0;3.75;0.0;72721.0;15972.0;10949.0;6753.0;58.26;23609.0;14893.0;20159.0;39839.0;51.72;64859.0;547247.0;21174.0;41378.0;89369.0;9232.0;6804.0;77926.0;27898.0;8662.0;14629.0;65665.0;65043.0;14661.0;26488.0;64.56;16304.0;15196.0;25.781;23095.0;13459.0;11498.0;14685.0;19209.0;47785.0;35555.0;39972.0;39972.0;57968.0;66255.0
Martignana di Po, Libertï¿½, 64;97194.0;56498.0;84303.0;32492.0;87277.0;80287.0;87309.0;51584.0;85858.0;85.334;5642.0;83676.0;66234.0;44719.0;14702.0;76.68;77109.0;46857.0;37129.0;92009.0;70439.0;37141.0;37187.0;56641.0;2.86;23343.0;74326.0;72651.0;0.24;88.33;70233.0;79111.0;33244.0;56525.0;87251.0;92517.0;40294.0;32846.0;15169.0;477832.0;60268.0;67117.0;18406.0;81.59;75.44;12046.0;100256.0;75147.0;60961.0;8346.0;9833.0;87019.0;48727.0;8862.0;72829.0;62057.0;62.956;95453.0;85817.0;67363.0;87043.0;91567.0;33482.0;35768.0;33765.0;33765.0;32952.0;8443.0
Monte Cremasco, Roma, 12;11114.0;38662.0;3882.0;57941.0;22061.0;9795.0;15.62;40153.0;16925.0;9.085;91618.0;29163.0;22.47;48464.0;74161.0;11826.0;11432.0;41018.0;50244.0;5078.0;22816.0;57.8;62.28;37403.0;85428.0;74162.0;18355.0;15704.0;87801.0;0.0;19.53;18664.0;73183.0;38689.0;3.89;6437.0;54919.0;66.8;79939.0;561181.0;34926.0;54747.0;104449.0;16887.0;13986.0;93006.0;14176.0;22031.0;29709.0;80745.0;80123.0;15513.0;41568.0;79.64;29673.0;30276.0;45.273;9392.0;7381.0;26103.0;1379.0;13.36;62865.0;50635.0;55052.0;55052.0;73048.0;81335.0
Montodine,  XXV Aprile, 10;28402.0;20979.0;14373.0;40258.0;22.85;10357.0;20845.0;23052.0;21431.0;17.676;73935.0;17237.0;4787.0;30781.0;56478.0;10122.0;9462.0;23335.0;32561.0;23217.0;11352.0;40117.0;44597.0;19.72;67745.0;56479.0;14375.0;10764.0;70118.0;19538.0;46.0;14684.0;55657.0;21006.0;18459.0;23725.0;37236.0;49117.0;62256.0;537312.0;15699.0;48776.0;86766.0;17163.0;5.51;75323.0;31464.0;16.06;12026.0;63062.0;62.44;22592.0;23885.0;61957.0;23702.0;13175.0;55.092;26661.0;18.17;15773.0;18251.0;24693.0;45182.0;32952.0;37369.0;37369.0;55365.0;63652.0
Offanengo, Clavelli Martini, 5;23027.0;24133.0;15417.0;50055.0;8.58;12417.0;14663.0;26478.0;7614.0;13.952;83732.0;32704.0;13223.0;35.39;66275.0;6.61;6766.0;31646.0;42358.0;23096.0;8407.0;49914.0;47667.0;28031.0;77542.0;66276.0;3411.0;7818.0;79915.0;19417.0;15793.0;182.0;57467.0;24.16;16482.0;19011.0;47033.0;54327.0;72053.0;552802.0;28368.0;37186.0;96496.0;4152.0;10249.0;85.12;28875.0;4.47;20337.0;72859.0;72237.0;9185.0;32196.0;71754.0;12112.0;18244.0;19.321;26.54;13763.0;11694.0;18.13;18921.0;54979.0;42749.0;47166.0;47166.0;57175.0;73449.0
Ostiano, Mazzini, 1;82.22;41524.0;69356.0;26032.0;64851.0;65313.0;72335.0;32.27;70884.0;70.349;36281.0;67786.0;51.26;29745.0;22911.0;61706.0;62135.0;31883.0;23.76;77035.0;55465.0;16748.0;10.45;41667.0;34807.0;13016.0;59352.0;57677.0;32464.0;73356.0;55259.0;64137.0;74.0;41551.0;72277.0;75429.0;17441.0;6821.0;18793.0;536719.0;46787.0;21989.0;49112.0;66616.0;60466.0;36179.0;107912.0;51921.0;45987.0;24657.0;28873.0;72045.0;33753.0;25173.0;47878.0;38647.0;30.51;80479.0;70843.0;52389.0;72069.0;100708.0;10585.0;27241.0;23338.0;23338.0;504.0;24508.0
Paderno Ponchielli, Municipio, 3;46664.0;24.0;33773.0;25495.0;36747.0;29757.0;36779.0;7907.0;35328.0;34.793;59172.0;26552.0;15704.0;14456.0;41715.0;26.15;26579.0;8572.0;17798.0;41479.0;16772.0;25354.0;29834.0;5837.0;52982.0;41716.0;20285.0;22121.0;55355.0;37.8;19703.0;24402.0;40894.0;0.0;36721.0;39873.0;22473.0;34354.0;47493.0;530.87;15259.0;32859.0;71936.0;31.06;24.91;60.56;49726.0;20792.0;10431.0;48299.0;47677.0;36489.0;9122.0;47194.0;19906.0;6377.0;62.161;44923.0;35287.0;13022.0;36513.0;41037.0;30419.0;18189.0;22606.0;22606.0;40602.0;48889.0
Palazzo Pignano, Marco Polo, 31;11312.0;37867.0;5767.0;57146.0;18.17;9.0;11729.0;43233.0;13034.0;5.194;90823.0;33567.0;21675.0;47669.0;73366.0;11031.0;10637.0;40223.0;49449.0;7605.0;22021.0;57005.0;61485.0;36608.0;86144.0;73367.0;17.56;14909.0;87006.0;3918.0;18735.0;16022.0;72545.0;37894.0;169.0;4.51;54124.0;66005.0;79144.0;555744.0;34131.0;48682.0;103587.0;12996.0;13191.0;92211.0;14374.0;21236.0;28914.0;79.95;79328.0;11622.0;40773.0;78845.0;24.17;29481.0;67.551;11049.0;3.49;25308.0;2631.0;9469.0;62.07;49.84;54257.0;54257.0;72253.0;80.54
Pandino, Castello, 15;4819.0;43257.0;9088.0;62536.0;20481.0;14.39;14.04;45544.0;15345.0;7.505;96213.0;31.62;27065.0;53059.0;78756.0;13308.0;16027.0;45613.0;54839.0;5658.0;27411.0;62395.0;66875.0;41998.0;91534.0;78757.0;22.95;20299.0;92396.0;6591.0;24125.0;18333.0;77935.0;43284.0;4195.0;0.0;59514.0;71395.0;84534.0;563638.0;39521.0;50993.0;108977.0;15307.0;18581.0;97601.0;8472.0;26626.0;34304.0;85.34;84718.0;13933.0;46163.0;84235.0;26481.0;34871.0;15.022;5977.0;5801.0;30698.0;5952.0;9.59;67.46;55.23;59647.0;59647.0;77643.0;85.93
Persico Dosimo, Albert ,7;63922.0;23226.0;51058.0;10485.0;54005.0;47015.0;54037.0;15.24;52586.0;52.051;43975.0;37.18;32962.0;11447.0;26518.0;43408.0;43837.0;13585.0;5917.0;58737.0;37167.0;3158.0;7643.0;23369.0;38298.0;21017.0;41054.0;39379.0;40158.0;55069.0;36961.0;45.85;17443.0;23264.0;53.99;57142.0;162.0;14303.0;26794.0;520977.0;28489.0;35363.0;56739.0;48329.0;42179.0;45363.0;66995.0;41886.0;27.7;33102.0;32.48;53758.0;15466.0;31997.0;36485.0;28796.0;12.854;62192.0;52556.0;34102.0;53782.0;58306.0;9.72;8943.0;7596.0;7596.0;17151.0;33692.0
Pescarolo ed Uniti, Giuseppe Mazzini, 73;75753.0;35057.0;62889.0;19565.0;65836.0;58846.0;65868.0;30143.0;64417.0;63.882;36459.0;61319.0;44793.0;23278.0;19002.0;55239.0;55.62;25416.0;17299.0;70568.0;48998.0;10281.0;4164.0;35.2;30782.0;13501.0;52885.0;51.21;32642.0;66889.0;48792.0;57.67;6.83;35084.0;65.81;68962.0;13434.0;0.06;19278.0;530252.0;40.32;24069.0;49223.0;60149.0;53999.0;37847.0;78815.0;49943.0;39.52;25586.0;24964.0;65578.0;27286.0;24481.0;49057.0;38.23;25.902;74012.0;64376.0;45922.0;65602.0;70126.0;2.93;18806.0;16871.0;16871.0;6538.0;26176.0
Piadena, Platina, 40;88801.0;48105.0;75937.0;32613.0;78884.0;71894.0;78916.0;43191.0;77465.0;76.941;18721.0;74367.0;57841.0;36326.0;12143.0;68287.0;68668.0;38464.0;30347.0;83616.0;62046.0;23329.0;23375.0;48248.0;17247.0;8764.0;65933.0;64258.0;14904.0;79937.0;61.84;70718.0;18665.0;48132.0;78858.0;84124.0;26482.0;19034.0;39.0;490911.0;51875.0;40895.0;31552.0;73197.0;67047.0;19252.0;91863.0;66754.0;52568.0;8631.0;16047.0;78626.0;40334.0;9147.0;64436.0;53664.0;528.513;87.06;77424.0;58.97;78.65;83174.0;19.67;32842.0;29919.0;29919.0;18373.0;8482.0
Pianengo, Roma, 59;568622.0;539332.0;562.77;523499.0;561316.0;548823.0;559311.0;534418.0;559897.0;569.616;475.84;524729.0;542422.0;527553.0;492.86;548588.0;547928.0;529691.0;521574.0;558363.0;547.97;521503.0;528856.0;539475.0;482.24;501501.0;551167.0;548399.0;479695.0;561558.0;538769.0;553.15;537043.0;539359.0;565937.0;563945.0;522779.0;530503.0;493327.0;0.0;533533.0;546559.0;460809.0;555629.0;543976.0;483672.0;582395.0;552678.0;544164.0;486504.0;489213.0;561058.0;531561.0;487.02;555663.0;544891.0;36.602;564534.0;567902.0;550197.0;565473.0;593932.0;526568.0;516873.0;520.61;520.61;536751.0;486601.0
Pizzighettone, Giuseppe Garibaldi, 18;45036.0;14205.0;31007.0;31587.0;36954.0;26991.0;37479.0;21.94;35535.0;34.31;65264.0;11.99;15911.0;22.11;47807.0;26357.0;26096.0;18419.0;20693.0;36012.0;21457.0;31446.0;35926.0;8107.0;60585.0;47808.0;25344.0;22328.0;61447.0;36172.0;16937.0;28788.0;46986.0;14232.0;35093.0;38245.0;28565.0;40446.0;53585.0;532088.0;56.0;58044.0;78028.0;31267.0;22144.0;66652.0;48098.0;26165.0;11116.0;54391.0;53769.0;36696.0;12318.0;53286.0;30182.0;17152.0;41.921;43295.0;34804.0;20303.0;34885.0;41327.0;36511.0;20931.0;28698.0;28698.0;46694.0;54981.0
Manerbio, INSURREZIONE NAZIONALE;55582.0;32742.0;51216.0;36906.0;40452.0;48216.0;47218.0;24209.0;40579.0;45.824;70583.0;77499.0;43261.0;30947.0;46073.0;41929.0;42085.0;43098.0;34981.0;55173.0;38445.0;34.91;22759.0;40317.0;65904.0;34169.0;37966.0;41.61;66766.0;55216.0;49218.0;37673.0;20937.0;32769.0;49037.0;51566.0;35163.0;22927.0;41109.0;546432.0;56509.0;0.0;83347.0;38544.0;46048.0;71971.0;69877.0;33044.0;39992.0;59.71;59088.0;41.74;44968.0;58605.0;26173.0;31149.0;42.315;58636.0;46318.0;37477.0;53929.0;51476.0;24714.0;36488.0;34017.0;34017.0;21584.0;44.83
Viadana, A. Manzoni, 2;113435.0;72739.0;100571.0;48733.0;103518.0;96528.0;103.55;67825.0;102099.0;101.868;13792.0;104.45;82475.0;60.96;30943.0;92921.0;93302.0;63098.0;53.37;138084.0;86.68;53382.0;53428.0;72882.0;20323.0;39584.0;90567.0;88892.0;17778.0;104571.0;86474.0;95352.0;49485.0;72766.0;103492.0;108758.0;56535.0;49087.0;31.41;458415.0;76509.0;72532.0;221.0;97831.0;91681.0;15527.0;162116.0;91388.0;77202.0;24587.0;27296.0;103.26;64968.0;25103.0;89.07;78298.0;56.683;111694.0;102058.0;83604.0;103284.0;107808.0;49723.0;55455.0;50006.0;50006.0;49193.0;24684.0
Ricengo, Guglielmo Marconi;19643.0;32389.0;17.03;51668.0;7648.0;14.03;11279.0;32711.0;4.23;9.885;85345.0;34317.0;16197.0;41623.0;67888.0;8223.0;8379.0;34745.0;43971.0;19234.0;12898.0;51527.0;53.9;31.13;80666.0;67889.0;8686.0;9431.0;81528.0;21.03;17406.0;3758.0;63.7;32416.0;13098.0;15627.0;48646.0;60.56;73666.0;554415.0;29981.0;38.16;98109.0;103.0;11862.0;86733.0;25491.0;10.09;23436.0;74472.0;73.85;5801.0;35295.0;73367.0;13648.0;22735.0;50.513;22697.0;10379.0;16185.0;19743.0;15537.0;56592.0;44227.0;48779.0;48779.0;63408.0;75062.0
Ripalta Cremasca, Roma, 5;22891.0;26219.0;10027.0;45498.0;17339.0;4846.0;15334.0;28292.0;15.92;12.165;79175.0;22454.0;10027.0;36021.0;61718.0;4611.0;3951.0;28575.0;37801.0;17706.0;13325.0;45357.0;49837.0;24.96;74496.0;61719.0;8864.0;6213.0;75358.0;14027.0;5543.0;9173.0;60897.0;26246.0;12948.0;18214.0;42476.0;54357.0;67496.0;542552.0;20939.0;45256.0;91939.0;11652.0;0.03;80563.0;25953.0;12.54;17266.0;68302.0;67.68;17081.0;29125.0;67197.0;20182.0;18415.0;30.452;21.15;12659.0;16612.0;12.74;19182.0;50422.0;38057.0;42609.0;42609.0;60605.0;68892.0
Rivarolo del Re ed Uniti, Giovanni XXIII, 5;101865.0;61169.0;89001.0;37163.0;91948.0;84958.0;91.98;56255.0;90529.0;90.005;10056.0;88324.0;70905.0;49.39;19373.0;81351.0;81732.0;51528.0;41.8;96.68;75.11;41812.0;41858.0;61312.0;14116.0;26857.0;78997.0;77322.0;11571.0;93001.0;74904.0;83782.0;36758.0;61196.0;91922.0;97188.0;44965.0;37517.0;18683.0;481.42;64939.0;58.2;15775.0;86261.0;80111.0;192.0;104927.0;79818.0;65632.0;12106.0;21743.0;91.69;53398.0;12622.0;77.5;66728.0;75.01;100124.0;90488.0;72034.0;91714.0;96238.0;38153.0;43886.0;38436.0;38436.0;36466.0;11712.0
Rivolta d'Adda, Stefano Renzi, 5;6757.0;50716.0;18627.0;69995.0;21.73;21542.0;13.37;55268.0;22295.0;17.229;103365.0;38772.0;34217.0;60211.0;85908.0;23573.0;23179.0;52765.0;61991.0;12.81;34563.0;69547.0;74027.0;49.15;97175.0;85909.0;30102.0;27451.0;99548.0;13743.0;31277.0;28057.0;106.62;50436.0;13919.0;9649.0;66666.0;78547.0;91686.0;581623.0;46673.0;84195.0;163087.0;25031.0;25733.0;104753.0;0.0;33778.0;41456.0;92492.0;91.87;21168.0;53315.0;91387.0;36205.0;42023.0;48.579;8206.0;15525.0;37.85;15184.0;9439.0;74612.0;62247.0;66799.0;66799.0;107267.0;93082.0
Romanengo, Guaiarini, 14;31035.0;20725.0;18171.0;45852.0;12426.0;15171.0;21104.0;22007.0;14465.0;19.71;79529.0;32373.0;10216.0;30919.0;62072.0;8884.0;9.04;28639.0;38155.0;25.85;5.4;45711.0;43196.0;25024.0;74.85;62073.0;4921.0;8565.0;75712.0;22171.0;16173.0;4628.0;52996.0;20752.0;21092.0;26358.0;37321.0;49856.0;67.85;552471.0;24866.0;32715.0;92293.0;8129.0;13003.0;80917.0;34097.0;0.0;17.33;68656.0;68034.0;15626.0;29189.0;67551.0;7641.0;15237.0;35.952;29294.0;20204.0;8687.0;20884.0;25362.0;46451.0;38411.0;42963.0;42963.0;52704.0;69246.0
San Bassano, Mons. Frosi (ex piazza Scuole);40027.0;11658.0;27163.0;30937.0;30.11;23972.0;30142.0;18132.0;28691.0;27.329;64614.0;22559.0;9067.0;21.46;47157.0;19513.0;19942.0;14014.0;23.24;34842.0;13272.0;30796.0;35276.0;10399.0;59935.0;47158.0;17159.0;15484.0;60797.0;31163.0;13918.0;21944.0;46336.0;11685.0;30084.0;35.35;27915.0;39796.0;52935.0;542657.0;9745.0;40211.0;77378.0;24423.0;19125.0;66002.0;43089.0;17.98;0.0;53741.0;53119.0;29852.0;14564.0;52636.0;21285.0;8255.0;18.466;38286.0;28.65;11406.0;29876.0;34.4;35861.0;23496.0;28048.0;28048.0;46044.0;54331.0
San Giovanni in Croce, Feudatari, 25 A;89879.0;49183.0;77015.0;25177.0;79962.0;72972.0;79994.0;44269.0;78543.0;78.019;11.92;76338.0;58919.0;37404.0;7387.0;69365.0;69746.0;39542.0;29814.0;84694.0;63124.0;29826.0;29872.0;49326.0;9.78;15293.0;67011.0;65336.0;8103.0;81015.0;62918.0;71128.0;25194.0;49.21;79936.0;85202.0;32979.0;25531.0;7119.0;484.11;52953.0;48522.0;24684.0;74275.0;68125.0;12064.0;92941.0;67832.0;53646.0;122.0;9757.0;79704.0;41412.0;636.0;65514.0;54742.0;17.566;88138.0;78502.0;60048.0;79728.0;84252.0;26167.0;31899.0;26.45;26.45;24902.0;393.0
Scandolara Ravara, Italia;88979.0;48283.0;76115.0;21801.0;79062.0;72072.0;79094.0;43369.0;77643.0;77.119;14603.0;75438.0;58019.0;36504.0;6812.0;68465.0;68846.0;38642.0;28914.0;83794.0;62224.0;28151.0;28197.0;48426.0;7671.0;18132.0;66111.0;64436.0;10109.0;80115.0;62018.0;70228.0;30396.0;48.31;79036.0;84302.0;31304.0;23856.0;14494.0;486793.0;52053.0;46847.0;27367.0;73375.0;67225.0;21913.0;92041.0;66932.0;52746.0;9652.0;0.0;78804.0;40512.0;8547.0;64614.0;53842.0;62.309;87238.0;77602.0;59148.0;78828.0;83352.0;24492.0;28035.0;25.55;25.55;30104.0;10242.0
Sergnano, IV Novembre,  10;18158.0;34766.0;16305.0;57294.0;6189.0;15005.0;9794.0;36048.0;2128.0;8.4;90971.0;39943.0;21823.0;44.96;73514.0;11073.0;8399.0;40371.0;49597.0;17749.0;18524.0;57153.0;57237.0;36756.0;84781.0;73515.0;14312.0;15057.0;87154.0;15537.0;23032.0;8837.0;67037.0;34793.0;11613.0;14142.0;54272.0;63897.0;79292.0;560041.0;35607.0;41497.0;103735.0;5811.0;17488.0;92359.0;20923.0;15716.0;29062.0;80098.0;79216.0;0.0;40921.0;78993.0;16985.0;29341.0;23.748;21212.0;8894.0;21811.0;14.25;14052.0;62218.0;49853.0;54405.0;54405.0;66745.0;80688.0
Sesto ed Uniti, Roma, 4;50.87;10174.0;38006.0;18733.0;40953.0;33963.0;40985.0;13037.0;39534.0;38.999;52.41;22905.0;19.91;9256.0;34953.0;30356.0;30737.0;4424.0;11036.0;45685.0;24115.0;18592.0;23072.0;5117.0;47731.0;34954.0;28002.0;26327.0;48593.0;42006.0;23909.0;32787.0;34132.0;10201.0;40927.0;46193.0;15711.0;27592.0;40731.0;523758.0;12721.0;45.19;65174.0;35266.0;29116.0;53798.0;53932.0;28823.0;14637.0;41537.0;40915.0;40695.0;0.09;40432.0;29262.0;15733.0;17.351;49129.0;39493.0;21039.0;40719.0;45243.0;23.4;11541.0;15587.0;15587.0;33583.0;41.87
Solarolo Rainerio, Giuseppina, 81;88764.0;48068.0;75.9;24062.0;78847.0;71857.0;84068.0;43154.0;77428.0;76.904;12436.0;75223.0;57804.0;36289.0;6272.0;68.25;68679.0;38427.0;28699.0;83579.0;62009.0;28711.0;28757.0;48211.0;9015.0;15809.0;65896.0;64221.0;8619.0;79.9;61803.0;70681.0;25.71;48095.0;78821.0;84087.0;31864.0;24416.0;7635.0;484626.0;51838.0;47407.0;25.2;73.16;67.01;12.58;91826.0;66717.0;52531.0;636.0;8642.0;78589.0;40297.0;0.0;64399.0;53627.0;47.743;87023.0;77387.0;58933.0;78613.0;88325.0;25052.0;30814.0;25335.0;25335.0;25418.0;909.0
Soncino, Dante Alighieri, 23;30495.0;19888.0;25833.0;42727.0;15365.0;22833.0;22131.0;21.17;15492.0;20.737;76404.0;40035.0;17878.0;30082.0;58947.0;16546.0;16702.0;28869.0;35775.0;30086.0;13062.0;42586.0;42359.0;24907.0;70214.0;58948.0;12583.0;16227.0;72587.0;29833.0;23835.0;12.29;48391.0;19915.0;23.95;26479.0;36484.0;49019.0;64725.0;554798.0;30423.0;25463.0;89168.0;13457.0;20665.0;77792.0;36343.0;7661.0;21345.0;65531.0;64649.0;16653.0;29419.0;64426.0;55.0;14463.0;37.189;33549.0;21231.0;12094.0;28546.0;26389.0;45614.0;36031.0;39838.0;39838.0;51867.0;66121.0
Soresina, Giacomo Matteotti, 6;39508.0;6.27;26644.0;32174.0;27857.0;22982.0;34623.0;10258.0;27984.0;33.229;65851.0;28679.0;8133.0;19.17;48394.0;18994.0;19375.0;15251.0;24477.0;34323.0;10335.0;32033.0;31447.0;11289.0;59661.0;48395.0;13848.0;14965.0;62034.0;30644.0;12928.0;17965.0;41247.0;6297.0;29565.0;34831.0;25572.0;38107.0;54172.0;537549.0;17386.0;31507.0;78615.0;25949.0;18135.0;67239.0;42.57;14669.0;8308.0;54978.0;54356.0;29145.0;15801.0;53873.0;14041.0;0.0;206.576;37767.0;33723.0;6585.0;29357.0;38881.0;34702.0;24733.0;29285.0;29285.0;40955.0;55568.0
Sospiro;72.081;31.385;59.19;7.379;62.164;55.174;62.035;26.471;60.745;29.33;58.54;41.121;19.606;11.873;51.567;51.948;12.016;12.016;66.896;45.326;10.233;17.203;31.528;24.651;20.224;49.213;47.538;25.513;63.217;45.12;53.998;19.402;31.412;62.138;67.404;14.832;12.862;26.001;0;38.754;41.859;42.161;56.477;50.327;30.718;74.972;50.034;35.848;18.457;17.835;61.906;23.134;17.352;47.717;36.944;205.675;70.995;60.704;42.25;61.93;66.454;13.498;14.101;8.652;19.11;19.047;214813.0;224955.0
Spino d'Adda, Circonvallazione, 13;10617.0;46701.0;14612.0;65.98;28.61;17834.0;22169.0;48192.0;23474.0;15.634;99657.0;32.1;30509.0;56503.0;82.2;19865.0;19471.0;49057.0;58283.0;9127.0;30855.0;65839.0;70319.0;45442.0;93467.0;82201.0;26394.0;23743.0;95.84;10.06;27569.0;26703.0;81379.0;46728.0;11.94;6155.0;62958.0;74839.0;87978.0;564118.0;42965.0;59122.0;112421.0;23436.0;22025.0;101045.0;8705.0;30.07;37748.0;88784.0;88162.0;22062.0;49607.0;87679.0;34.61;38315.0;60.772;187.0;13.93;34142.0;11476.0;16236.0;70904.0;58539.0;63091.0;63091.0;81087.0;89374.0
Trescore Cremasco, Vittorio Veneto, 1;8869.0;36478.0;9303.0;55757.0;15491.0;12536.0;9.05;40554.0;10355.0;2.515;89434.0;35628.0;20286.0;46.28;71977.0;8318.0;8916.0;38834.0;48.06;9666.0;23.03;55616.0;61743.0;35219.0;83244.0;71978.0;18818.0;13.52;85617.0;7454.0;18148.0;13343.0;68774.0;36505.0;3.53;6059.0;52735.0;64616.0;77755.0;555157.0;33544.0;46003.0;102198.0;10317.0;12604.0;90822.0;15923.0;20222.0;27525.0;78561.0;77939.0;8943.0;39384.0;77456.0;21491.0;33847.0;42.617;13129.0;0.0;26317.0;6167.0;8025.0;60681.0;48316.0;52868.0;52868.0;71251.0;79151.0
Trigolo, Roma, 26;35162.0;12876.0;22298.0;37602.0;21972.0;19298.0;27192.0;16319.0;20553.0;25.798;71279.0;31661.0;9.79;28125.0;53822.0;13491.0;13647.0;20679.0;29905.0;29977.0;4214.0;37461.0;37508.0;17064.0;65089.0;53823.0;7727.0;11371.0;67462.0;26298.0;15747.0;11844.0;44539.0;12903.0;25219.0;30485.0;34.58;46461.0;59.6;542977.0;20368.0;37148.0;84043.0;16285.0;17.13;72667.0;38224.0;8548.0;11.29;60406.0;59524.0;21714.0;21229.0;59301.0;12074.0;6987.0;63.144;33421.0;26292.0;82.0;25011.0;31.45;42526.0;30161.0;34713.0;34713.0;47016.0;60996.0
Vaiano Cremasco,  Gloriosi Caduti, 3;14029.0;38.85;2477.0;58129.0;22249.0;9983.0;15808.0;40341.0;17113.0;9.273;91806.0;31659.0;22658.0;48652.0;74349.0;12014.0;11.62;41206.0;50432.0;8844.0;23004.0;57988.0;62468.0;37591.0;85616.0;74.35;18543.0;15892.0;87989.0;1394.0;16004.0;18852.0;73528.0;38877.0;4078.0;7.23;55107.0;66988.0;80127.0;553013.0;31.4;54935.0;104.57;17075.0;14174.0;93194.0;17091.0;22219.0;29897.0;80933.0;80311.0;15701.0;41756.0;79828.0;29861.0;30464.0;66.817;12288.0;7569.0;26291.0;0.0;13548.0;63053.0;50823.0;55.24;55.24;73236.0;81523.0
Vailate, Dante Alighieri, 7;4.78;44.48;15061.0;61802.0;14832.0;18294.0;5052.0;45762.0;15397.0;7.633;95479.0;41603.0;26331.0;54674.0;78022.0;14363.0;14961.0;44879.0;54105.0;15641.0;28238.0;61661.0;66951.0;41264.0;89289.0;78023.0;24026.0;19565.0;91662.0;13212.0;24193.0;18551.0;99212.0;44507.0;9288.0;9767.0;58.78;97745.0;83.8;561202.0;39589.0;51211.0;108243.0;15525.0;18649.0;96867.0;9561.0;25.43;33.57;84606.0;83724.0;14151.0;45429.0;83501.0;26699.0;39055.0;13.347;15.96;7381.0;31525.0;11925.0;126.0;66726.0;54496.0;58913.0;58913.0;99859.0;85196.0
Vescovato, Roma, 44;71828.0;31132.0;58964.0;12392.0;61911.0;54921.0;67132.0;26218.0;60492.0;59.957;36952.0;57394.0;40868.0;19353.0;19495.0;51314.0;51743.0;21491.0;13374.0;66643.0;45073.0;6356.0;5614.0;31275.0;31275.0;13994.0;48.96;47285.0;33135.0;62964.0;44867.0;53745.0;10537.0;31159.0;61885.0;67151.0;9509.0;2.93;19771.0;526327.0;34902.0;25082.0;49716.0;56224.0;50074.0;37157.0;74.89;49781.0;35595.0;26079.0;25457.0;61653.0;23361.0;24974.0;47463.0;36691.0;12.572;70087.0;60451.0;41997.0;61677.0;71389.0;0.0;14881.0;12946.0;12946.0;10245.0;25486.0
Cremona, Felice Cavallotti, 2;61009.0;20313.0;48118.0;5655.0;51092.0;44102.0;56313.0;16839.0;49673.0;49.135;41.23;32.44;30049.0;9974.0;23773.0;40495.0;40924.0;10672.0;2436.0;55824.0;34254.0;9433.0;18229.0;20456.0;32674.0;25795.0;38141.0;36466.0;37412.0;52145.0;34048.0;42926.0;24973.0;20.34;51066.0;56332.0;10867.0;18433.0;31572.0;515089.0;22257.0;38055.0;53993.0;45405.0;39255.0;42618.0;64071.0;38962.0;24776.0;30357.0;27.11;50834.0;11332.0;29251.0;38084.0;25872.0;8.743;59268.0;49632.0;31178.0;50858.0;60.57;14498.0;23.0;4664.0;4664.0;24681.0;30947.0
Cremona, Palosca n. 2;64085.0;23389.0;51194.0;3728.0;54168.0;47178.0;54.2;18475.0;52749.0;52.214;37405.0;50544.0;33125.0;11.61;19948.0;43571.0;43952.0;13748.0;4.02;58.9;37.33;7981.0;14197.0;23532.0;31215.0;23.98;41217.0;39542.0;33588.0;55221.0;37124.0;46002.0;23521.0;23416.0;54142.0;57294.0;6836.0;16981.0;30.12;519477.0;28661.0;33863.0;50169.0;48481.0;42331.0;38793.0;67147.0;42038.0;27852.0;26532.0;25.65;53.91;15618.0;25427.0;39.72;28948.0;21.937;62344.0;52708.0;34254.0;53934.0;58458.0;12683.0;5491.0;0.0;0.0;23229.0;27122.0
Cremona, Sesto 39;50336.0;9.64;37445.0;16922.0;40419.0;33429.0;40451.0;13515.0;39.0;38.465;50599.0;29154.0;19376.0;7445.0;33142.0;29822.0;30203.0;0.0;9225.0;45151.0;23581.0;16781.0;21261.0;9783.0;45.92;33143.0;27468.0;25793.0;46782.0;41472.0;23375.0;32253.0;32321.0;9667.0;40393.0;43545.0;13.9;25781.0;38.92;522297.0;18931.0;43379.0;63363.0;34732.0;28582.0;51987.0;53398.0;28289.0;14103.0;39726.0;39104.0;40161.0;4.44;38621.0;28728.0;15199.0;200499.0;48595.0;38959.0;20505.0;40185.0;44709.0;21846.0;9616.0;14033.0;14033.0;32029.0;40316.0
