;Agnadello, Marconi, 6;Annicco, Giuseppe Garibaldi, 6;Bagnolo Cremasco, Roma, 3;Bonemerse, Roma, 25;Camisano, Trieste, 57;Capergnanica, XI febbraio, 7;Capralba, Piave, 2;Casalbuttano ed Uniti, Jacini, 23;Casale Cremasco-Vidolasco, Roma, 56;Casalmaggiore, Guglielmo Marconi, 8;Casalpusterlengo, Pusterla 7;Castelleone, Roma, 67;Castelverde, Ubaldo Ferrari, 15;Cingia de' Botti, Giuseppina, 79;Crema, Civerchi, 9;Crema, Dante Alighieri, 49;Cremona, Sesto, 41;Cremona, Ugolani Dati, 4;Cremona, Ugolani Dati, 4;Dovera, Oldrini 2;Fiesco, Giuseppe Parini, 10;Gadesco-Pieve Delmona, Giovanni Lonati 9;Grontardo, Roma, 16;Grumello Cremonese ed Uniti, Roma, 2;Gussola, Comaschi, 1;Isola Dovarese, Giacomo Matteotti, 1;Izano, Gerardo da Izano, 4/C;Madignano, Portici, 4;Martignana di Po, Libertà, 64;Monte Cremasco, Roma, 12;Montodine,  XXV Aprile, 10;Offanengo, Clavelli Martini, 5;Ostiano, Mazzini, 1;Paderno Ponchielli, Municipio, 3;Palazzo Pignano, Marco Polo, 31;Pandino, Castello, 15;Persico Dosimo, Albert ,7;Pescarolo ed Uniti, Giuseppe Mazzini, 73;Piadena, Platina, 40;Pianengo, Roma, 59;Pizzighettone, Giuseppe Garibaldi, 18;Manerbio, INSURREZIONE NAZIONALE;Viadana, A. Manzoni, 2;Ricengo, Guglielmo Marconi;Ripalta Cremasca, Roma, 5;Rivarolo del Re ed Uniti, Giovanni XXIII, 5;Rivolta d'Adda, Stefano Renzi, 5;Romanengo, Guaiarini, 14;San Bassano, Mons. Frosi (ex piazza Scuole);San Giovanni in Croce, Feudatari, 25 A;Scandolara Ravara, Italia;Sergnano, IV Novembre,  10;Sesto ed Uniti, Roma, 4;Solarolo Rainerio, Giuseppina, 81;Soncino, Dante Alighieri, 23;Soresina, Giacomo Matteotti, 6;Sospiro, Europa, 2;Spino d'Adda, Circonvallazione, 13;Trescore Cremasco, Vittorio Veneto, 1;Trigolo, Roma, 26;Vaiano Cremasco,  Gloriosi Caduti, 3;Vailate, Dante Alighieri, 7;Vescovato, Roma, 44;Cremona, Felice Cavallotti, 2;Cremona, Palosca n. 2;Cremona, Palosca n. 2;Ostiano;San Giovanni
Agnadello, Marconi, 6;0.061;47.844;15.755;67.123;20.433;18.977;8.718;49.814;20.998;100.8;36.207;31.652;57.646;83.343;21.008;20.614;50.2;59.426;59.426;10.245;31.998;66.982;71.462;46.585;94.61;83.344;27.537;24.886;96.983;11.178;11.178;22.603;107.11;47.871;11.354;5.219;64.101;75.982;89.121;568.225;44.108;55.263;113.564;19.577;23.168;102.188;6.887;31.213;38.891;89.927;89.045;18.203;50.75;88.822;30.751;39.458;191.427;10.483;10.596;35.285;12.619;5.003;72.047;59.817;64.234;64.234;107.757;107.757
Annicco, Giuseppe Garibaldi, 6;46.623;0.0;33.759;25.454;36.706;29.716;41.926;7.866;35.287;59.131;26.511;15.663;14.415;41.674;26.109;26.538;8.531;17.757;17.757;41.438;16.731;25.313;29.793;5.796;52.941;41.675;20.244;22.08;55.314;37.759;19.662;24.361;40.853;0.011;0.011;41.946;22.432;34.313;47.452;530.829;15.218;31.571;71.895;31.019;24.869;60.519;49.685;20.751;20.751;48.258;47.376;36.448;9.081;47.153;19.865;6.336;204.062;44.882;35.246;12.981;36.472;46.184;30.378;18.148;22.565;22.565;40.561;40.561
Bagnolo Cremasco, Roma, 3;15.212;34.788;0.0;54.067;23.084;5.5;16.992;36.407;21.665;87.744;29.767;18.596;44.59;70.287;8.132;9.975;37.144;46.37;46.37;10.027;19.07;53.926;58.406;33.529;81.554;70.288;14.609;11.958;83.927;3.526;3.526;14.918;69.466;34.815;5.261;8.413;51.045;62.926;76.065;551.121;29.508;51.001;100.508;17.397;10.24;10.24;18.274;18.285;18.285;76.871;75.989;16.884;37.694;75.766;25.927;26.53;196.8;13.471;8.752;22.357;2.833;14.731;58.991;46.761;51.178;51.178;69.174;69.174
Bonemerse, Roma, 25;67.066;26.37;54.175;0.0;57.149;50.159;57.181;21.456;55.73;36.041;53.135;36.106;14.591;18.584;46.552;46.981;16.729;6.33;6.33;61.881;40.311;9.518;14.684;26.513;27.395;23.693;44.198;42.523;32.224;58.202;40.105;48.315;22.714;26.397;57.123;60.275;9.817;16.331;29.47;522.045;33.748;36.431;48.805;51.462;45.312;37.429;70.128;45.019;30.833;25.168;24.546;56.891;18.599;24.063;42.701;31.929;200.247;65.325;55.689;37.235;56.915;61.439;12.396;6.563;3.637;3.637;22.579;25.758
Camisano, Trieste, 57;20.626;33.449;23.002;57.64;0.0;20.002;16.348;34.731;5.032;91.317;40.289;22.169;43.643;73.86;14.195;14.351;40.717;49.943;49.943;24.303;18.87;57.499;55.92;37.102;85.127;73.861;14.658;15.403;87.5;22.091;23.378;10.274;62.951;33.476;18.167;20.696;54.618;62.58;79.638;560.387;35.953;40.18;104.081;7.674;17.834;92.705;21.949;16.062;29.408;80.444;79.562;5.86;41.267;79.339;17.331;29.687;204.999;27.766;15.448;22.157;20.804;15.047;62.564;50.334;54.751;54.751;67.091;81.034
Capergnanica, XI febbraio, 7;19.574;30.975;6.145;50.254;19.812;0.0;15.242;33.048;18.393;83.931;26.618;14.783;40.777;66.474;6.235;5.402;33.331;42.557;42.557;14.389;15.798;50.113;54.593;29.716;77.741;66.475;11.337;8.686;80.114;10.71;10.299;11.646;65.496;31.002;9.631;12.783;47.232;59.113;72.252;547.308;25.695;47.729;96.695;14.125;5.108;85.319;22.636;15.013;22.022;73.058;72.176;15.135;33.881;71.953;22.655;23.171;206.961;17.833;13.122;19.085;9.423;19.09;55.178;42.948;47.365;47.365;65.361;73.648
Capralba, Piave, 2;8.753;40.176;16.322;62.704;16.395;15.022;0.036;41.83;11.259;96.381;37.832;27.233;50.37;78.924;11.09;11.995;45.781;55.007;55.007;17.766;23.934;62.563;62.647;42.166;90.191;78.925;19.722;20.467;92.564;15.554;20.921;14.247;69.678;40.203;11.63;14.159;59.682;69.307;84.702;557.93;41.017;46.907;109.145;11.221;15.377;97.769;13.481;21.126;34.472;85.508;84.886;9.847;46.331;84.403;22.395;34.751;198.377;21.229;8.911;27.221;14.267;5.059;67.628;55.398;59.815;59.815;72.155;86.098
Casalbuttano ed Uniti, Jacini, 23;50.527;9.244;40.639;21.56;35.397;37.639;42.163;0.123;35.524;55.237;35.644;18.506;8.915;37.78;31.832;31.988;13.425;14.608;14.608;48.318;20.674;21.419;22.536;14.929;49.047;37.781;24.187;25.338;51.42;44.639;23.301;27.096;29.567;9.271;43.982;46.511;15.317;29.196;43.558;533.631;24.351;23.327;68.001;33.489;28.508;56.625;56.375;22.467;18.681;44.364;43.742;36.685;14.223;43.259;21.581;10.754;211.833;51.762;41.263;16.924;43.352;46.421;26.484;14.999;18.671;18.671;32.044;44.954
Casale Cremasco-Vidolasco, Roma, 56;19.57;33.558;21.448;56.086;5.043;18.448;11.206;35.212;0.0;89.763;38.735;20.615;43.752;72.306;12.641;12.797;39.163;48.389;48.389;19.161;17.316;55.945;56.029;35.548;83.573;72.307;13.104;13.849;85.946;16.949;21.824;7.241;63.06;33.585;13.025;15.554;53.064;62.689;78.084;558.833;34.399;40.289;102.527;4.215;16.28;91.151;22.502;14.508;27.854;78.89;78.268;1.81;39.713;77.785;15.777;28.133;208.621;22.624;10.306;20.603;15.662;15.6;61.01;48.78;53.197;53.197;65.537;79.48
Casalmaggiore, Guglielmo Marconi, 8;100.776;60.08;87.885;36.074;90.859;83.869;90.891;55.166;89.44;0.0;91.65;69.816;48.301;18.284;80.262;80.691;50.439;40.711;40.711;125.284;74.021;40.723;40.769;60.223;7.664;26.925;77.908;76.233;5.119;91.912;73.815;82.693;36.669;60.107;90.833;96.099;43.876;36.428;18.751;473.051;65.956;71.153;13.692;85.172;79.022;10.038;103.838;78.729;64.543;11.928;14.637;90.601;52.309;12.444;76.411;65.639;239.991;99.035;89.399;70.945;90.625;95.149;37.064;42.845;37.347;37.347;36.534;12.025
Casalpusterlengo, Pusterla 7;36.456;25.866;30.284;54.429;39.929;28.241;37.924;33.601;38.51;92.05;0.075;21.035;32.793;70.649;27.201;26.541;27.253;31.376;31.376;26.197;26.635;52.433;46.609;19.756;81.916;68.795;29.78;27.012;72.13;29.392;17.382;31.763;67.816;25.893;33.771;31.779;39.248;61.433;74.572;523.268;12.146;77.489;104.732;34.242;22.589;77.335;39.518;31.343;22.522;65.074;64.452;39.671;23.062;63.969;38.985;28.813;180.721;32.368;35.736;31.964;33.307;42.075;57.498;31.614;39.381;39.381;67.681;65.664
Castelleone, Roma, 67;31.774;17.076;18.883;36.355;21.857;14.867;21.889;18.712;20.438;70.032;21.013;0.141;26.878;52.575;11.26;11.689;19.432;28.658;28.658;26.589;5.822;36.214;40.694;15.817;63.842;52.576;9.709;7.231;66.215;22.91;4.813;13.826;51.597;17.103;21.831;24.983;33.333;45.214;58.353;541.111;14.668;43.246;82.796;16.17;10.02;71.42;34.836;10.53;8.123;59.159;58.537;21.599;19.982;58.054;18.172;8.463;198.564;30.033;20.397;10.243;21.623;26.147;41.279;29.049;33.466;33.466;51.462;59.749
Castelverde, Ubaldo Ferrari, 15;57.5;14.231;44.609;14.139;43.42;40.593;50.186;8.359;43.547;47.816;32.864;26.54;0.26;30.359;36.986;37.415;7.163;7.187;7.187;52.315;30.745;13.998;15.599;16.947;41.626;30.36;34.632;32.957;43.999;48.636;30.539;35.119;29.381;14.258;47.557;50.709;11.117;22.998;36.137;526.21;24.173;29.436;60.58;41.896;35.746;49.204;60.562;30.49;21.267;36.943;36.061;44.708;9.033;35.838;29.604;18.777;204.412;55.759;46.123;27.669;47.349;54.444;19.063;7.578;11.25;11.25;29.246;37.533
Cingia de' Botti, Giuseppina, 79;83.346;42.65;70.455;18.644;73.429;66.439;73.461;37.736;72.01;18.252;69.95;52.386;30.871;0.0;62.832;63.213;33.009;23.281;23.281;78.161;56.591;23.293;23.339;42.793;13.573;15.859;60.478;58.803;14.435;74.482;56.385;65.263;25.381;42.677;73.403;78.669;26.446;18.998;12.221;490.442;48.526;53.269;31.016;67.742;61.592;19.64;86.408;61.299;47.113;7.379;6.757;73.171;34.879;6.274;58.981;48.209;217.085;81.605;71.969;53.515;73.195;77.719;19.634;25.366;19.917;19.917;25.246;7.969
Crema, Civerchi, 9;20.952;27.383;8.041;46.662;14.04;6.084;11.288;31.621;12.621;80.339;26.935;11.191;37.185;62.882;0.087;1.043;29.739;38.965;38.965;15.767;10.026;46.521;51.001;26.124;74.149;62.883;5.565;4.425;76.522;12.088;10.024;5.19;62.061;27.41;11.009;14.161;43.64;55.521;68.66;547.033;24.975;41.957;93.103;6.296;4.48;81.727;24.014;9.241;18.43;69.466;68.844;8.015;30.289;68.361;16.883;18.997;208.339;19.211;8.56;13.313;10.801;15.546;51.586;39.356;43.773;43.773;61.769;70.056
Crema, Dante Alighieri, 49;20.33;27.827;7.419;47.106;15.995;5.118;12.108;29.69;14.576;80.783;26.408;11.635;37.629;63.326;1.144;0.0;30.183;39.409;39.409;15.145;11.981;46.965;51.445;26.568;74.593;63.327;7.52;4.869;76.966;11.466;9.497;5.576;62.505;27.854;10.387;13.539;44.084;55.965;69.104;546.506;24.893;43.912;93.547;6.682;3.953;82.171;23.392;11.196;18.874;69.91;69.288;8.401;30.733;68.805;18.838;19.441;201.918;18.589;9.07;15.268;10.179;16.366;52.03;39.8;44.217;44.217;62.213;70.5
Cremona, Sesto, 41;50.336;9.64;37.445;16.922;40.419;33.429;40.451;12.321;39.0;50.599;29.154;19.376;7.445;33.142;29.822;30.251;0.0;9.225;9.225;45.151;24.255;16.781;21.261;9.783;44.409;33.143;27.468;25.793;46.782;41.472;23.375;32.253;32.164;9.667;40.393;45.659;13.9;25.781;38.92;522.297;18.931;43.379;63.363;34.732;28.582;51.987;53.398;28.289;14.103;39.726;39.104;40.161;4.44;38.621;28.728;15.199;200.499;48.595;38.959;20.505;40.185;44.709;21.846;9.616;14.033;14.033;32.029;40.316
Cremona, Ugolani Dati, 4;59.39;18.694;46.499;7.335;49.473;42.483;49.505;14.376;48.054;41.012;31.076;28.43;7.511;23.555;38.876;39.305;9.053;0.055;0.055;54.205;32.635;8.626;13.829;18.837;34.822;24.988;36.522;34.847;37.195;50.526;32.429;41.307;24.009;18.721;49.447;54.713;6.468;17.626;30.765;520.838;22.385;35.224;53.776;43.786;37.636;42.4;62.452;37.343;23.157;30.139;29.517;49.215;10.923;29.034;35.621;24.253;199.04;57.649;48.013;29.559;49.239;53.763;13.691;2.03;4.446;4.446;23.874;30.729
Cremona, Ugolani Dati, 4;59.39;18.694;46.499;7.335;49.473;42.483;49.505;14.376;48.054;41.012;31.099;28.43;7.511;23.555;38.876;39.305;9.053;0.055;0.055;54.205;32.635;8.626;13.829;18.837;34.822;24.988;36.522;34.847;37.195;50.526;32.429;41.307;24.166;18.721;49.447;54.713;6.468;17.626;30.765;520.838;20.892;35.224;53.776;43.786;37.636;42.4;62.452;37.343;23.157;30.139;29.517;49.215;10.923;29.034;35.621;24.253;199.04;57.649;48.013;29.559;49.239;53.763;13.691;2.03;4.446;4.446;23.874;30.729
Dovera, Oldrini 2;9.884;42.396;10.307;61.675;24.28;13.529;17.839;43.887;19.144;95.352;25.955;26.204;52.198;77.895;15.56;15.166;44.752;53.978;53.978;0.061;26.55;61.534;66.014;41.137;89.162;77.896;22.089;19.438;91.535;5.73;23.264;22.398;77.074;42.423;7.635;5.643;58.653;70.534;83.673;548.725;36.244;54.792;139.437;19.106;17.72;96.74;13.382;25.765;33.443;84.479;83.597;17.732;45.302;83.374;30.28;34.01;191.927;8.598;9.6;29.837;7.171;15.939;66.599;54.369;58.786;58.786;76.782;85.069
Fiesco, Giuseppe Parini, 10;31.922;16.6;19.058;41.326;18.732;16.058;23.952;20.043;17.313;75.003;27.596;5.416;31.849;57.546;10.251;10.407;24.403;33.629;33.629;26.737;0.0;41.185;41.232;20.788;68.813;57.547;4.487;8.131;71.186;23.058;11.373;8.604;48.263;16.627;21.979;27.245;38.304;50.185;63.324;547.671;20.066;38.024;87.767;13.045;13.89;76.391;34.984;5.308;12.53;64.13;63.248;18.474;24.953;63.025;12.95;10.711;205.124;30.181;23.052;4.161;21.771;28.21;46.25;34.02;38.437;38.437;50.74;64.72
Gadesco-Pieve Delmona, Giovanni Lonati 9;66.555;25.859;53.664;10.562;56.638;49.648;56.67;20.945;55.219;40.611;52.144;35.595;14.08;23.154;46.041;46.47;16.218;8.101;8.101;61.37;39.8;0.431;7.924;26.002;33.65;17.653;43.687;42.012;36.794;57.691;39.594;48.472;16.831;25.886;56.612;61.878;3.125;10.291;23.43;521.054;29.629;35.44;53.375;50.951;44.801;40.816;69.617;44.508;30.322;29.738;29.116;56.38;18.088;28.633;42.19;31.418;199.256;64.814;55.178;36.724;56.404;60.928;6.356;9.609;7.673;7.673;16.539;29.145
Grontardo, Roma, 16;71.283;30.587;58.392;18.123;56.15;54.376;62.916;22.472;56.277;40.676;59.705;40.323;16.121;23.219;50.769;51.198;20.946;13.278;13.278;66.098;41.427;8.644;0.076;30.73;33.715;17.718;44.94;46.74;36.859;62.419;44.322;47.849;10.452;30.614;61.34;66.606;7.643;4.571;23.495;530.229;34.357;23.956;53.44;54.242;49.529;40.881;74.345;43.22;35.05;29.803;29.181;57.438;22.816;28.698;42.334;31.507;206.817;69.542;62.016;37.677;61.132;67.174;3.901;16.304;15.234;15.234;10.16;29.21
Grumello Cremonese ed Uniti, Roma, 2;46.791;5.821;33.9;25.447;36.874;29.884;36.906;13.556;35.455;59.124;20.893;15.831;15.97;41.667;26.277;26.658;8.524;17.75;17.75;41.606;20.036;25.306;29.786;0.294;52.934;41.668;23.923;22.248;55.307;37.927;19.83;28.708;40.846;5.848;36.848;42.114;22.425;34.306;47.445;530.822;8.442;51.904;71.888;31.187;25.037;60.512;49.853;24.744;10.558;48.251;47.369;36.616;5.117;47.146;24.909;11.38;198.421;45.05;35.414;16.96;36.64;41.164;30.371;18.141;22.558;22.558;40.554;48.841
Gussola, Comaschi, 1;94.592;53.896;81.701;29.89;84.675;77.685;84.707;48.982;83.256;7.636;81.074;63.632;42.117;13.579;74.078;74.507;44.255;34.527;34.527;89.407;67.837;33.764;33.81;54.039;0.253;25.268;71.724;70.049;3.142;85.728;67.631;76.509;35.169;53.923;84.649;89.915;38.146;30.698;17.094;479.826;57.666;63.74;20.4;78.988;72.838;14.04;97.654;72.545;58.359;9.654;7.713;84.417;46.125;9.017;70.227;59.455;228.186;92.851;83.215;64.761;84.441;88.965;31.334;33.648;31.163;31.163;34.877;10.368
Isola Dovarese, Giacomo Matteotti, 1;82.902;42.206;70.011;26.714;72.985;65.995;73.017;37.292;71.566;26.265;68.491;51.942;30.427;15.717;62.388;62.817;32.565;24.448;24.448;77.717;56.147;17.43;17.476;42.349;24.791;0.0;60.034;58.359;22.448;74.038;55.941;64.819;12.766;42.233;72.959;78.225;20.583;13.135;8.777;498.455;45.976;34.996;39.029;67.298;61.148;26.163;85.964;60.855;46.669;14.641;18.087;72.727;34.435;15.157;58.537;47.765;215.603;81.161;71.525;53.071;72.751;77.275;13.771;28.402;24.02;24.02;12.474;14.492
Izano, Gerardo da Izano, 4/C;27.426;20.186;14.562;44.622;14.493;11.562;19.713;23.629;13.074;78.299;29.816;9.276;35.145;60.842;5.755;5.911;27.699;36.925;36.925;22.241;4.46;44.481;44.818;24.084;72.109;60.843;0.133;3.635;74.482;18.562;13.593;3.545;51.849;20.213;17.483;22.749;41.6;53.481;66.62;549.891;23.926;37.627;91.13;8.806;9.394;79.687;30.488;4.911;16.39;67.426;66.804;14.235;28.249;66.321;12.553;14.297;209.014;25.685;18.813;7.747;17.275;23.971;49.546;37.316;41.733;41.733;54.326;68.016
Madignano, Portici, 4;24.836;23.582;11.972;42.861;14.919;8.972;14.951;25.073;13.5;76.538;27.172;7.39;33.384;59.081;4.322;4.703;25.938;35.164;35.164;19.651;8.211;42.72;47.2;22.323;70.348;59.082;3.75;0.0;72.721;15.972;10.949;6.753;58.26;23.609;14.893;20.159;39.839;51.72;64.859;547.247;21.174;41.378;89.369;9.232;6.804;77.926;27.898;8.662;14.629;65.665;65.043;14.661;26.488;64.56;16.304;15.196;206.424;23.095;13.459;11.498;14.685;19.209;47.785;35.555;39.972;39.972;57.968;66.255
Martignana di Po, Libertà, 64;97.194;56.498;84.303;32.492;87.277;80.287;87.309;51.584;85.858;5.642;83.676;66.234;44.719;14.702;76.68;77.109;46.857;37.129;37.129;92.009;70.439;37.141;37.187;56.641;2.86;23.343;74.326;72.651;0.24;88.33;70.233;79.111;33.244;56.525;87.251;92.517;40.294;32.846;15.169;477.832;60.268;67.117;18.406;81.59;75.44;12.046;100.256;75.147;60.961;8.346;9.833;87.019;48.727;8.862;72.829;62.057;230.788;95.453;85.817;67.363;87.043;91.567;33.482;35.768;33.765;33.765;32.952;8.443
Monte Cremasco, Roma, 12;11.114;38.662;3.882;57.941;22.061;9.795;15.62;40.153;16.925;91.618;29.163;22.47;48.464;74.161;11.826;11.432;41.018;50.244;50.244;5.078;22.816;57.8;62.28;37.403;85.428;74.162;18.355;15.704;87.801;0.0;19.53;18.664;73.183;38.689;3.89;6.437;54.919;66.8;79.939;561.181;34.926;54.747;104.449;16.887;13.986;93.006;14.176;22.031;29.709;80.745;80.123;15.513;41.568;79.64;29.673;30.276;192.721;9.392;7.381;26.103;1.379;13.36;62.865;50.635;55.052;55.052;73.048;81.335
Montodine,  XXV Aprile, 10;28.402;20.979;14.373;40.258;22.85;10.357;20.845;23.052;21.431;73.935;17.237;4.787;30.781;56.478;10.122;9.462;23.335;32.561;32.561;23.217;11.352;40.117;44.597;19.72;67.745;56.479;14.375;10.764;70.118;19.538;0.046;14.684;55.657;21.006;18.459;23.725;37.236;49.117;62.256;537.312;15.699;48.776;86.766;17.163;5.51;75.323;31.464;16.06;12.026;63.062;62.44;22.592;23.885;61.957;23.702;13.175;194.765;26.661;18.17;15.773;18.251;24.693;45.182;32.952;37.369;37.369;55.365;63.652
Offanengo, Clavelli Martini, 5;23.027;24.133;15.417;50.055;8.58;12.417;14.663;26.478;7.614;83.732;32.704;13.223;35.39;66.275;6.61;6.766;31.646;42.358;42.358;23.096;8.407;49.914;47.667;28.031;77.542;66.276;3.411;7.818;79.915;19.417;15.793;0.182;57.467;24.16;16.482;19.011;47.033;54.327;72.053;552.802;28.368;37.186;96.496;4.152;10.249;85.12;28.875;4.47;20.337;72.859;72.237;9.185;32.196;71.754;12.112;18.244;214.064;26.54;13.763;11.694;18.13;18.921;54.979;42.749;47.166;47.166;57.175;73.449
Ostiano, Mazzini, 1;82.22;41.524;69.356;26.032;64.851;65.313;72.335;32.27;70.884;36.281;67.786;51.26;29.745;22.911;61.706;62.135;31.883;23.76;23.76;77.035;55.465;16.748;10.45;41.667;34.807;13.016;59.352;57.677;32.464;73.356;55.259;64.137;0.074;41.551;72.277;75.429;17.441;6.821;18.793;536.719;46.787;21.989;49.112;66.616;60.466;36.179;107.912;51.921;45.987;24.657;28.873;72.045;33.753;25.173;47.878;38.647;214.921;80.479;70.843;52.389;72.069;100.708;10.585;27.241;23.338;23.338;0.504;24.508
Paderno Ponchielli, Municipio, 3;46.664;0.024;33.773;25.495;36.747;29.757;36.779;7.907;35.328;59.172;26.552;15.704;14.456;41.715;26.15;26.579;8.572;17.798;17.798;41.479;16.772;25.354;29.834;5.837;52.982;41.716;20.285;22.121;55.355;37.8;19.703;24.402;40.894;0.0;36.721;39.873;22.473;34.354;47.493;530.87;15.259;32.859;71.936;31.06;24.91;60.56;49.726;20.792;10.431;48.299;47.677;36.489;9.122;47.194;19.906;6.377;204.103;44.923;35.287;13.022;36.513;41.037;30.419;18.189;22.606;22.606;40.602;48.889
Palazzo Pignano, Marco Polo, 31;11.312;37.867;5.767;57.146;18.17;9.0;11.729;43.233;13.034;90.823;33.567;21.675;47.669;73.366;11.031;10.637;40.223;49.449;49.449;7.605;22.021;57.005;61.485;36.608;86.144;73.367;17.56;14.909;87.006;3.918;18.735;16.022;72.545;37.894;0.169;4.51;54.124;66.005;79.144;555.744;34.131;48.682;103.587;12.996;13.191;92.211;14.374;21.236;28.914;79.95;79.328;11.622;40.773;78.845;24.17;29.481;194.378;11.049;3.49;25.308;2.631;9.469;62.07;49.84;54.257;54.257;72.253;80.54
Pandino, Castello, 15;4.819;43.257;9.088;62.536;20.481;14.39;14.04;45.544;15.345;96.213;31.62;27.065;53.059;78.756;13.308;16.027;45.613;54.839;54.839;5.658;27.411;62.395;66.875;41.998;91.534;78.757;22.95;20.299;92.396;6.591;24.125;18.333;77.935;43.284;4.195;0.0;59.514;71.395;84.534;563.638;39.521;50.993;108.977;15.307;18.581;97.601;8.472;26.626;34.304;85.34;84.718;13.933;46.163;84.235;26.481;34.871;195.781;5.977;5.801;30.698;5.952;9.59;67.46;55.23;59.647;59.647;77.643;85.93
Persico Dosimo, Albert ,7;63.922;23.226;51.058;10.485;54.005;47.015;54.037;15.24;52.586;43.975;37.18;32.962;11.447;26.518;43.408;43.837;13.585;5.917;5.917;58.737;37.167;3.158;7.643;23.369;38.298;21.017;41.054;39.379;40.158;55.069;36.961;45.85;17.443;23.264;53.99;57.142;0.162;14.303;26.794;520.977;28.489;35.363;56.739;48.329;42.179;45.363;66.995;41.886;27.7;33.102;32.48;53.758;15.466;31.997;36.485;28.796;199.179;62.192;52.556;34.102;53.782;58.306;9.72;8.943;7.596;7.596;17.151;33.692
Pescarolo ed Uniti, Giuseppe Mazzini, 73;75.753;35.057;62.889;19.565;65.836;58.846;65.868;30.143;64.417;36.459;61.319;44.793;23.278;19.002;55.239;55.62;25.416;17.299;17.299;70.568;48.998;10.281;4.164;35.2;30.782;13.501;52.885;51.21;32.642;66.889;48.792;57.67;6.83;35.084;65.81;68.962;13.434;0.06;19.278;530.252;40.32;24.069;49.223;60.149;53.999;37.847;78.815;49.943;39.52;25.586;24.964;65.578;27.286;24.481;49.057;38.23;208.454;74.012;64.376;45.922;65.602;70.126;2.93;18.806;16.871;16.871;6.538;26.176
Piadena, Platina, 40;88.801;48.105;75.937;32.613;78.884;71.894;78.916;43.191;77.465;18.721;74.367;57.841;36.326;12.143;68.287;68.668;38.464;30.347;30.347;83.616;62.046;23.329;23.375;48.248;17.247;8.764;65.933;64.258;14.904;79.937;61.84;70.718;18.665;48.132;78.858;84.124;26.482;19.034;0.039;490.911;51.875;40.895;31.552;73.197;67.047;19.252;91.863;66.754;52.568;8.631;16.047;78.626;40.334;9.147;64.436;53.664;221.502;87.06;77.424;58.97;78.65;83.174;19.67;32.842;29.919;29.919;18.373;8.482
Pianengo, Roma, 59;568.622;539.332;562.77;523.499;561.316;548.823;559.311;534.418;559.897;475.84;524.729;542.422;527.553;492.86;548.588;547.928;529.691;521.574;521.574;558.363;547.97;521.503;528.856;539.475;482.24;501.501;551.167;548.399;479.695;561.558;538.769;553.15;537.043;539.359;565.937;563.945;522.779;530.503;493.327;0.0;533.533;546.559;460.809;555.629;543.976;483.672;582.395;552.678;544.164;486.504;489.213;561.058;531.561;487.02;555.663;544.891;673.07;564.534;567.902;550.197;565.473;593.932;526.568;516.873;520.61;520.61;536.751;486.601
Pizzighettone, Giuseppe Garibaldi, 18;45.036;14.205;31.007;31.587;36.954;26.991;37.479;21.94;35.535;65.264;11.99;15.911;22.11;47.807;26.357;26.096;18.419;20.693;20.693;36.012;21.457;31.446;35.926;8.107;60.585;47.808;25.344;22.328;61.447;36.172;16.937;28.788;46.986;14.232;35.093;38.245;28.565;40.446;53.585;532.088;0.056;58.044;78.028;31.267;22.144;66.652;48.098;26.165;11.116;54.391;53.769;36.696;12.318;53.286;30.182;17.152;189.541;43.295;34.804;20.303;34.885;41.327;36.511;20.931;28.698;28.698;46.694;54.981
Manerbio, INSURREZIONE NAZIONALE;55.582;32.742;51.216;36.906;40.452;48.216;47.218;24.209;40.579;70.583;77.499;43.261;30.947;46.073;41.929;42.085;43.098;34.981;34.981;55.173;38.445;34.91;22.759;40.317;65.904;34.169;37.966;41.61;66.766;55.216;49.218;37.673;20.937;32.769;49.037;51.566;35.163;22.927;41.109;546.432;56.509;0.0;83.347;38.544;46.048;71.971;69.877;33.044;39.992;59.71;59.088;41.74;44.968;58.605;26.173;31.149;224.634;58.636;46.318;37.477;53.929;51.476;24.714;36.488;34.017;34.017;21.584;44.83
Viadana, A. Manzoni, 2;113.435;72.739;100.571;48.733;103.518;96.528;103.55;67.825;102.099;13.792;104.45;82.475;60.96;30.943;92.921;93.302;63.098;53.37;53.37;138.084;86.68;53.382;53.428;72.882;20.323;39.584;90.567;88.892;17.778;104.571;86.474;95.352;49.485;72.766;103.492;108.758;56.535;49.087;31.41;458.415;76.509;72.532;0.221;97.831;91.681;15.527;162.116;91.388;77.202;24.587;27.296;103.26;64.968;25.103;89.07;78.298;252.791;111.694;102.058;83.604;103.284;107.808;49.723;55.455;50.006;50.006;49.193;24.684
Ricengo, Guglielmo Marconi;19.643;32.389;17.03;51.668;7.648;14.03;11.279;32.711;4.23;85.345;34.317;16.197;41.623;67.888;8.223;8.379;34.745;43.971;43.971;19.234;12.898;51.527;53.9;31.13;80.666;67.889;8.686;9.431;81.528;21.03;17.406;3.758;63.7;32.416;13.098;15.627;48.646;60.56;73.666;554.415;29.981;38.16;98.109;0.103;11.862;86.733;25.491;10.09;23.436;74.472;73.85;5.801;35.295;73.367;13.648;22.735;211.197;22.697;10.379;16.185;19.743;15.537;56.592;44.227;48.779;48.779;63.408;75.062
Ripalta Cremasca, Roma, 5;22.891;26.219;10.027;45.498;17.339;4.846;15.334;28.292;15.92;79.175;22.454;10.027;36.021;61.718;4.611;3.951;28.575;37.801;37.801;17.706;13.325;45.357;49.837;24.96;74.496;61.719;8.864;6.213;75.358;14.027;5.543;9.173;60.897;26.246;12.948;18.214;42.476;54.357;67.496;542.552;20.939;45.256;91.939;11.652;0.03;80.563;25.953;12.54;17.266;68.302;67.68;17.081;29.125;67.197;20.182;18.415;204.479;21.15;12.659;16.612;12.74;19.182;50.422;38.057;42.609;42.609;60.605;68.892
Rivarolo del Re ed Uniti, Giovanni XXIII, 5;101.865;61.169;89.001;37.163;91.948;84.958;91.98;56.255;90.529;10.056;88.324;70.905;49.39;19.373;81.351;81.732;51.528;41.8;41.8;96.68;75.11;41.812;41.858;61.312;14.116;26.857;78.997;77.322;11.571;93.001;74.904;83.782;36.758;61.196;91.922;97.188;44.965;37.517;18.683;481.42;64.939;58.2;15.775;86.261;80.111;0.192;104.927;79.818;65.632;12.106;21.743;91.69;53.398;12.622;77.5;66.728;235.459;100.124;90.488;72.034;91.714;96.238;38.153;43.886;38.436;38.436;36.466;11.712
Rivolta d'Adda, Stefano Renzi, 5;6.757;50.716;18.627;69.995;21.73;21.542;13.37;55.268;22.295;103.365;38.772;34.217;60.211;85.908;23.573;23.179;52.765;61.991;61.991;12.81;34.563;69.547;74.027;49.15;97.175;85.909;30.102;27.451;99.548;13.743;31.277;28.057;106.62;50.436;13.919;9.649;66.666;78.547;91.686;581.623;46.673;84.195;163.087;25.031;25.733;104.753;0.0;33.778;41.456;92.492;91.87;21.168;53.315;91.387;36.205;42.023;190.937;8.206;15.525;37.85;15.184;9.439;74.612;62.247;66.799;66.799;107.267;93.082
Romanengo, Guaiarini, 14;31.035;20.725;18.171;45.852;12.426;15.171;21.104;22.007;14.465;79.529;32.373;10.216;30.919;62.072;8.884;9.04;28.639;38.155;38.155;25.85;5.4;45.711;43.196;25.024;74.85;62.073;4.921;8.565;75.712;22.171;16.173;4.628;52.996;20.752;21.092;26.358;37.321;49.856;67.85;552.471;24.866;32.715;92.293;8.129;13.003;80.917;34.097;0.0;17.33;68.656;68.034;15.626;29.189;67.551;7.641;15.237;219.433;29.294;20.204;8.687;20.884;25.362;46.451;38.411;42.963;42.963;52.704;69.246
San Bassano, Mons. Frosi (ex piazza Scuole);40.027;11.658;27.163;30.937;30.11;23.972;30.142;18.132;28.691;64.614;22.559;9.067;21.46;47.157;19.513;19.942;14.014;23.24;23.24;34.842;13.272;30.796;35.276;10.399;59.935;47.158;17.159;15.484;60.797;31.163;13.918;21.944;46.336;11.685;30.084;35.35;27.915;39.796;52.935;542.657;9.745;40.211;77.378;24.423;19.125;66.002;43.089;17.98;0.0;53.741;53.119;29.852;14.564;52.636;21.285;8.255;200.11;38.286;28.65;11.406;29.876;34.4;35.861;23.496;28.048;28.048;46.044;54.331
San Giovanni in Croce, Feudatari, 25 A;89.879;49.183;77.015;25.177;79.962;72.972;79.994;44.269;78.543;11.92;76.338;58.919;37.404;7.387;69.365;69.746;39.542;29.814;29.814;84.694;63.124;29.826;29.872;49.326;9.78;15.293;67.011;65.336;8.103;81.015;62.918;71.128;25.194;49.21;79.936;85.202;32.979;25.531;7.119;484.11;52.953;48.522;24.684;74.275;68.125;12.064;92.941;67.832;53.646;0.122;9.757;79.704;41.412;0.636;65.514;54.742;223.473;88.138;78.502;60.048;79.728;84.252;26.167;31.899;26.45;26.45;24.902;0.393
Scandolara Ravara, Italia;88.979;48.283;76.115;21.801;79.062;72.072;79.094;43.369;77.643;14.603;75.438;58.019;36.504;6.812;68.465;68.846;38.642;28.914;28.914;83.794;62.224;28.151;28.197;48.426;7.671;18.132;66.111;64.436;10.109;80.115;62.018;70.228;30.396;48.31;79.036;84.302;31.304;23.856;14.494;486.793;52.053;46.847;27.367;73.375;67.225;21.913;92.041;66.932;52.746;9.652;0.0;78.804;40.512;8.547;64.614;53.842;222.573;87.238;77.602;59.148;78.828;83.352;24.492;28.035;25.55;25.55;30.104;10.242
Sergnano, IV Novembre,  10;18.158;34.766;16.305;57.294;6.189;15.005;9.794;36.048;2.128;90.971;39.943;21.823;44.96;73.514;11.073;8.399;40.371;49.597;49.597;17.749;18.524;57.153;57.237;36.756;84.781;73.515;14.312;15.057;87.154;15.537;23.032;8.837;67.037;34.793;11.613;14.142;54.272;63.897;79.292;560.041;35.607;41.497;103.735;5.811;17.488;92.359;20.923;15.716;29.062;80.098;79.216;0.0;40.921;78.993;16.985;29.341;205.634;21.212;8.894;21.811;14.25;14.052;62.218;49.853;54.405;54.405;66.745;80.688
Sesto ed Uniti, Roma, 4;50.87;10.174;38.006;18.733;40.953;33.963;40.985;13.037;39.534;52.41;22.905;19.91;9.256;34.953;30.356;30.737;4.424;11.036;11.036;45.685;24.115;18.592;23.072;5.117;47.731;34.954;28.002;26.327;48.593;42.006;23.909;32.787;34.132;10.201;40.927;46.193;15.711;27.592;40.731;523.758;12.721;45.19;65.174;35.266;29.116;53.798;53.932;28.823;14.637;41.537;40.915;40.695;0.09;40.432;29.262;15.733;200.456;49.129;39.493;21.039;40.719;45.243;23.4;11.541;15.587;15.587;33.583;41.87
Solarolo Rainerio, Giuseppina, 81;88.764;48.068;75.9;24.062;78.847;71.857;84.068;43.154;77.428;12.436;75.223;57.804;36.289;6.272;68.25;68.679;38.427;28.699;28.699;83.579;62.009;28.711;28.757;48.211;9.015;15.809;65.896;64.221;8.619;79.9;61.803;70.681;25.71;48.095;78.821;84.087;31.864;24.416;7.635;484.626;51.838;47.407;25.2;73.16;67.01;12.58;91.826;66.717;52.531;0.636;8.642;78.589;40.297;0.0;64.399;53.627;222.358;87.023;77.387;58.933;78.613;88.325;25.052;30.814;25.335;25.335;25.418;0.909
Soncino, Dante Alighieri, 23;30.495;19.888;25.833;42.727;15.365;22.833;22.131;21.17;15.492;76.404;40.035;17.878;30.082;58.947;16.546;16.702;28.869;35.775;35.775;30.086;13.062;42.586;42.359;24.907;70.214;58.948;12.583;16.227;72.587;29.833;23.835;12.29;48.391;19.915;23.95;26.479;36.484;49.019;64.725;554.798;30.423;25.463;89.168;13.457;20.665;77.792;36.343;7.661;21.345;65.531;64.649;16.653;29.419;64.426;0.055;14.463;217.734;33.549;21.231;12.094;28.546;26.389;45.614;36.031;39.838;39.838;51.867;66.121
Soresina, Giacomo Matteotti, 6;39.508;6.27;26.644;32.174;27.857;22.982;34.623;10.258;27.984;65.851;28.679;8.133;19.17;48.394;18.994;19.375;15.251;24.477;24.477;34.323;10.335;32.033;31.447;11.289;59.661;48.395;13.848;14.965;62.034;30.644;12.928;17.965;41.247;6.297;29.565;34.831;25.572;38.107;54.172;537.549;17.386;31.507;78.615;25.949;18.135;67.239;42.57;14.669;8.308;54.978;54.356;29.145;15.801;53.873;14.041;0.0;206.23;37.767;33.723;6.585;29.357;38.881;34.702;24.733;29.285;29.285;40.955;55.568
Sospiro, Europa, 2;202.834;204.264;196.84;201.561;216.825;200.311;209.846;212.48;220.277;235.238;181.74;199.433;205.615;217.781;202.342;201.948;207.753;199.636;199.636;191.729;205.998;199.565;206.918;199.373;229.048;215.927;208.178;205.41;231.421;195.24;195.78;209.18;215.105;204.291;194.417;192.45;199.818;208.565;221.704;671.484;190.544;224.621;252.948;205.913;200.987;236.626;193.036;210.706;201.175;224.365;223.483;204.539;201.399;223.26;229.738;207.211;0.0;187.601;196.407;210.362;193.953;204.573;204.63;194.935;198.672;198.672;214.813;224.955
Spino d'Adda, Circonvallazione, 13;10.617;46.701;14.612;65.98;28.61;17.834;22.169;48.192;23.474;99.657;32.1;30.509;56.503;82.2;19.865;19.471;49.057;58.283;58.283;9.127;30.855;65.839;70.319;45.442;93.467;82.201;26.394;23.743;95.84;10.06;27.569;26.703;81.379;46.728;11.94;6.155;62.958;74.839;87.978;564.118;42.965;59.122;112.421;23.436;22.025;101.045;8.705;30.07;37.748;88.784;88.162;22.062;49.607;87.679;34.61;38.315;191.708;0.187;13.93;34.142;11.476;16.236;70.904;58.539;63.091;63.091;81.087;89.374
Trescore Cremasco, Vittorio Veneto, 1;8.869;36.478;9.303;55.757;15.491;12.536;9.05;40.554;10.355;89.434;35.628;20.286;46.28;71.977;8.318;8.916;38.834;48.06;48.06;9.666;23.03;55.616;61.743;35.219;83.244;71.978;18.818;13.52;85.617;7.454;18.148;13.343;68.774;36.505;3.53;6.059;52.735;64.616;77.755;555.157;33.544;46.003;102.198;10.317;12.604;90.822;15.923;20.222;27.525;78.561;77.939;8.943;39.384;77.456;21.491;33.847;202.257;13.129;0.0;26.317;6.167;8.025;60.681;48.316;52.868;52.868;71.251;79.151
Trigolo, Roma, 26;35.162;12.876;22.298;37.602;21.972;19.298;27.192;16.319;20.553;71.279;31.661;9.79;28.125;53.822;13.491;13.647;20.679;29.905;29.905;29.977;4.214;37.461;37.508;17.064;65.089;53.823;7.727;11.371;67.462;26.298;15.747;11.844;44.539;12.903;25.219;30.485;34.58;46.461;59.6;542.977;20.368;37.148;84.043;16.285;17.13;72.667;38.224;8.548;11.29;60.406;59.524;21.714;21.229;59.301;12.074;6.987;209.212;33.421;26.292;0.082;25.011;31.45;42.526;30.161;34.713;34.713;47.016;60.996
Vaiano Cremasco,  Gloriosi Caduti, 3;14.029;38.85;2.477;58.129;22.249;9.983;15.808;40.341;17.113;91.806;31.659;22.658;48.652;74.349;12.014;11.62;41.206;50.432;50.432;8.844;23.004;57.988;62.468;37.591;85.616;74.35;18.543;15.892;87.989;1.394;16.004;18.852;73.528;38.877;4.078;7.23;55.107;66.988;80.127;553.013;31.4;54.935;104.57;17.075;14.174;93.194;17.091;22.219;29.897;80.933;80.311;15.701;41.756;79.828;29.861;30.464;195.617;12.288;7.569;26.291;0.0;13.548;63.053;50.823;55.24;55.24;73.236;81.523
Vailate, Dante Alighieri, 7;4.78;44.48;15.061;61.802;14.832;18.294;5.052;45.762;15.397;95.479;41.603;26.331;54.674;78.022;14.363;14.961;44.879;54.105;54.105;15.641;28.238;61.661;66.951;41.264;89.289;78.023;24.026;19.565;91.662;13.212;24.193;18.551;99.212;44.507;9.288;9.767;58.78;97.745;83.8;561.202;39.589;51.211;108.243;15.525;18.649;96.867;9.561;25.43;33.57;84.606;83.724;14.151;45.429;83.501;26.699;39.055;193.099;15.96;7.381;31.525;11.925;0.126;66.726;54.496;58.913;58.913;99.859;85.196
Vescovato, Roma, 44;71.828;31.132;58.964;12.392;61.911;54.921;67.132;26.218;60.492;36.952;57.394;40.868;19.353;19.495;51.314;51.743;21.491;13.374;13.374;66.643;45.073;6.356;5.614;31.275;31.275;13.994;48.96;47.285;33.135;62.964;44.867;53.745;10.537;31.159;61.885;67.151;9.509;2.93;19.771;526.327;34.902;25.082;49.716;56.224;50.074;37.157;74.89;49.781;35.595;26.079;25.457;61.653;23.361;24.974;47.463;36.691;204.529;70.087;60.451;41.997;61.677;71.389;0.0;14.881;12.946;12.946;10.245;25.486
Cremona, Felice Cavallotti, 2;61.009;20.313;48.118;5.655;51.092;44.102;56.313;16.839;49.673;41.23;32.44;30.049;9.974;23.773;40.495;40.924;10.672;2.436;2.436;55.824;34.254;9.433;18.229;20.456;32.674;25.795;38.141;36.466;37.412;52.145;34.048;42.926;24.973;20.34;51.066;56.332;10.867;18.433;31.572;515.089;22.257;38.055;53.993;45.405;39.255;42.618;64.071;38.962;24.776;30.357;27.11;50.834;11.332;29.251;38.084;25.872;193.291;59.268;49.632;31.178;50.858;60.57;14.498;0.023;4.664;4.664;24.681;30.947
Cremona, Palosca n. 2;64.085;23.389;51.194;3.728;54.168;47.178;54.2;18.475;52.749;37.405;50.544;33.125;11.61;19.948;43.571;43.952;13.748;4.02;4.02;58.9;37.33;7.981;14.197;23.532;31.215;23.98;41.217;39.542;33.588;55.221;37.124;46.002;23.521;23.416;54.142;57.294;6.836;16.981;30.12;519.477;28.661;33.863;50.169;48.481;42.331;38.793;67.147;42.038;27.852;26.532;25.65;53.91;15.618;25.427;39.72;28.948;197.679;62.344;52.708;34.254;53.934;58.458;12.683;5.491;0.0;0.0;23.229;27.122
Cremona, Palosca n. 2;64.085;23.389;51.194;3.728;54.168;47.178;54.2;18.475;52.749;37.405;50.544;33.125;11.61;19.948;43.571;43.952;13.748;4.014;4.014;58.9;37.33;7.981;14.197;23.532;31.215;24.343;41.217;39.542;33.588;55.221;37.124;46.002;23.521;23.416;54.142;59.408;6.836;16.981;30.12;519.477;27.159;33.863;50.169;48.481;42.331;38.793;67.147;42.038;27.852;26.532;25.91;53.91;15.618;25.427;39.72;28.948;197.679;62.344;52.708;34.254;53.934;58.458;13.046;5.491;0.0;0.0;23.229;27.122
Cremona, Sesto 39;50.336;9.64;37.445;16.922;40.419;33.429;40.451;13.515;39.0;50.599;29.154;19.376;7.445;33.142;29.822;30.203;0.0;9.225;9.225;45.151;23.581;16.781;21.261;9.783;45.92;33.143;27.468;25.793;46.782;41.472;23.375;32.253;32.321;9.667;40.393;43.545;13.9;25.781;38.92;522.297;18.931;43.379;63.363;34.732;28.582;51.987;53.398;28.289;14.103;39.726;39.104;40.161;4.44;38.621;28.728;15.199;200.499;48.595;38.959;20.505;40.185;44.709;21.846;9.616;14.033;14.033;32.029;40.316
