;0;1;2;3;4;5;6;7;8;9;10;11;12;13;14;15;16;17;18;19;20;21;22;23;24;25;26;27;28;29;30;31;32;33;34
0;0.0;44.05;75.77;43.46;43.42;79.92;38.6;47.68;86.82;70.94;81.94;49.4;84.12;18.68;50.8;50.22;45.19;77.67;63.56;31.14;26.68;56.61;41.23;23.32;84.05;8.06;32.7;34.01;48.92;73.11;84.01;15.03;68.88;58.86;49.25
1;44.05;0.0;36.01;45.4;8.06;77.82;39.12;38.28;78.24;26.91;73.5;75.71;41.76;54.38;24.84;57.43;70.61;60.83;50.48;66.65;28.07;13.0;20.59;52.8;40.31;52.01;61.68;14.32;65.03;78.16;51.24;56.94;35.11;30.0;27.46
2;75.77;36.01;0.0;54.92;32.98;71.03;51.86;43.57;65.62;23.35;62.2;91.26;11.7;80.21;28.28;64.85;86.61;45.4;43.74;89.94;64.07;24.33;54.74;75.93;19.03;83.77;82.04;41.79;76.16;77.28;20.62;90.14;13.34;22.47;31.89
3;43.46;45.4;54.92;0.0;38.05;37.54;6.71;11.4;43.38;64.54;38.48;36.4;66.37;35.01;27.86;12.04;31.89;36.01;22.2;39.56;54.82;50.36;60.01;28.16;71.18;48.76;29.97;32.28;21.54;34.0;52.43;57.28;42.64;32.45;23.77
4;43.42;8.06;32.98;38.05;0.0;69.78;32.02;30.36;70.21;29.68;65.46;69.92;40.71;51.09;16.97;50.09;64.85;53.04;42.44;62.68;32.39;14.42;27.8;48.55;41.11;51.48;56.8;9.9;58.31;70.34;45.71;57.38;29.43;22.83;19.42
5;79.92;77.82;71.03;37.54;69.78;0.0;43.84;39.96;12.53;89.11;11.4;50.16;82.22;67.42;54.08;29.97;49.01;27.2;28.64;65.92;92.02;78.16;95.41;60.17;90.01;84.08;56.29;67.12;36.35;13.0;57.01;92.57;58.01;52.95;50.7
6;38.6;39.12;51.86;6.71;32.02;43.84;0.0;10.44;48.88;59.48;43.91;39.82;63.01;32.76;23.85;18.44;34.99;39.32;25.18;39.45;48.27;44.91;53.31;26.57;67.12;44.55;30.61;25.71;26.48;40.71;51.88;52.95;40.36;29.7;20.0
7;47.68;38.28;43.57;11.4;30.36;39.96;10.44;0.0;42.52;54.45;37.54;47.8;55.07;43.17;17.26;21.84;43.28;30.08;16.16;49.65;53.26;41.01;55.47;37.0;60.17;54.15;40.5;27.2;32.65;40.02;41.68;62.39;31.24;21.1;13.15
8;86.82;78.24;65.62;43.38;70.21;12.53;48.88;42.52;0.0;85.73;5.0;61.81;76.16;76.16;53.54;38.64;60.21;20.22;27.8;76.16;95.78;76.49;97.19;68.88;84.59;91.76;66.27;69.31;47.01;25.5;49.16;100.3;53.37;50.57;50.8
9;70.94;26.91;23.35;64.54;29.68;89.11;59.48;54.45;85.73;0.0;81.74;98.79;20.88;80.6;37.22;76.12;93.78;65.79;60.53;92.36;52.0;15.26;38.83;78.23;15.13;78.87;86.35;39.41;85.87;93.02;43.93;83.49;32.7;36.22;41.3
10;81.94;73.5;62.2;38.48;65.46;11.4;43.91;37.54;5.0;81.74;0.0;58.46;73.01;71.59;48.88;34.23;56.57;17.03;23.02;72.03;90.79;72.09;92.31;64.33;81.22;86.98;62.07;64.38;43.19;23.6;46.69;95.52;49.65;46.24;46.04
11;49.4;75.71;91.26;36.4;69.92;50.16;39.82;47.8;61.81;98.79;58.46;0.0;102.63;30.87;63.63;28.6;5.1;65.3;54.41;21.21;72.99;83.82;84.02;26.68;106.94;48.88;16.76;61.39;16.64;38.01;87.78;55.8;79.03;68.82;59.68
12;84.12;41.76;11.7;66.37;40.71;82.22;63.01;55.07;76.16;20.88;73.01;102.63;0.0;90.14;39.2;76.49;97.91;56.04;55.32;100.41;69.43;28.86;58.03;86.28;9.43;92.18;92.85;50.25;87.71;88.84;28.46;97.99;25.0;34.0;43.01
13;18.68;54.38;80.21;35.01;51.09;67.42;32.76;43.17;76.16;80.6;71.59;30.87;90.14;0.0;52.48;37.64;26.93;71.03;57.14;13.15;44.01;65.44;57.07;7.28;91.93;18.44;14.42;41.23;33.02;58.67;83.93;26.25;70.71;59.94;49.65
14;50.8;24.84;28.28;27.86;16.97;54.08;23.85;17.26;53.54;37.22;48.88;63.63;39.2;52.48;0.0;39.05;58.83;36.07;25.94;61.72;47.17;24.33;44.69;47.8;43.38;58.46;53.76;19.65;49.4;56.32;33.24;65.76;18.38;8.06;4.12
15;50.22;57.43;64.85;12.04;50.09;29.97;18.44;21.84;38.64;76.12;34.23;28.6;76.49;37.64;39.05;0.0;25.06;37.34;25.81;38.05;65.19;62.2;71.51;30.36;81.93;54.12;28.02;44.15;12.04;23.43;59.4;62.61;51.97;42.54;34.93
16;45.19;70.61;86.61;31.89;64.85;49.01;34.99;43.28;60.21;93.78;56.57;5.1;97.91;26.93;58.83;25.06;0.0;62.24;50.77;18.87;68.25;78.77;79.06;22.14;102.08;45.22;12.53;56.29;13.6;37.48;83.74;52.5;74.52;64.2;54.92
17;77.67;60.83;45.4;36.01;53.04;27.2;39.32;30.08;20.22;65.79;17.03;65.3;56.04;71.03;36.07;37.34;62.24;0.0;14.14;74.53;81.63;57.45;80.72;64.12;64.38;83.86;64.54;54.08;48.75;36.89;29.83;92.23;33.24;31.62;34.21
18;63.56;50.48;43.74;22.2;42.44;28.64;25.18;16.16;27.8;60.53;23.02;54.41;55.32;57.14;25.94;25.81;50.77;14.14;0.0;61.4;68.82;49.65;69.43;50.36;62.39;69.72;51.55;41.77;37.8;33.54;34.21;78.09;30.41;24.33;23.02
19;31.14;66.65;89.94;39.56;62.68;65.92;39.45;49.65;76.16;92.36;72.03;21.21;100.41;13.15;61.72;38.05;18.87;74.53;61.4;0.0;57.08;77.1;70.21;14.21;102.94;28.79;10.05;53.0;29.61;55.36;91.3;34.99;79.4;68.6;58.41
20;26.68;28.07;64.07;54.82;32.39;92.02;48.27;53.26;95.78;52.0;90.79;72.99;69.43;44.01;47.17;65.19;68.25;81.63;68.82;57.08;0.0;40.61;15.62;46.39;66.73;32.7;56.44;27.73;68.15;88.48;78.09;34.21;61.81;54.41;47.85
21;56.61;13.0;24.33;50.36;14.42;78.16;44.91;41.01;76.49;15.26;72.09;83.82;28.86;65.44;24.33;62.2;78.77;57.45;49.65;77.1;40.61;0.0;30.41;62.97;27.46;64.64;71.12;24.21;71.39;80.62;42.06;69.84;27.02;25.94;28.16
22;41.23;20.59;54.74;60.01;27.8;95.41;53.31;55.47;97.19;38.83;92.31;84.02;58.03;57.07;44.69;71.51;79.06;80.72;69.43;70.21;15.62;30.41;0.0;58.14;53.94;47.89;68.07;28.3;76.69;93.94;71.51;49.82;55.54;50.48;46.67
23;23.32;52.8;75.93;28.16;48.55;60.17;26.57;37.0;68.88;78.23;64.33;26.68;86.28;7.28;47.8;30.36;22.14;64.12;50.36;14.21;46.39;62.97;58.14;0.0;88.73;24.84;10.05;38.95;26.25;51.62;78.29;33.02;65.73;54.92;44.65
24;84.05;40.31;19.03;71.18;41.11;90.01;67.12;60.17;84.59;15.13;81.22;106.94;9.43;91.93;43.38;81.93;102.08;64.38;62.39;102.94;66.73;27.46;53.94;88.73;0.0;92.09;96.02;50.99;92.7;95.89;37.7;97.25;32.06;39.56;47.42
25;8.06;52.01;83.77;48.76;51.48;84.08;44.55;54.15;91.76;78.87;86.98;48.88;92.18;18.44;58.46;54.12;45.22;83.86;69.72;28.79;32.7;64.64;47.89;24.84;92.09;0.0;32.8;42.05;51.09;76.28;91.59;8.54;76.66;66.49;56.72
26;32.7;61.68;82.04;29.97;56.8;56.29;30.61;40.5;66.27;86.35;62.07;16.76;92.85;14.42;53.76;28.02;12.53;64.54;51.55;10.05;56.44;71.12;68.07;10.05;96.02;32.8;0.0;47.54;20.25;46.24;82.15;40.31;70.94;60.21;50.21
27;34.01;14.32;41.79;32.28;9.9;67.12;25.71;27.2;69.31;39.41;64.38;61.39;50.25;41.23;19.65;44.15;56.29;54.08;41.77;53.0;27.73;24.21;28.3;38.95;50.99;42.05;47.54;0.0;51.01;65.92;52.01;48.38;36.06;27.29;20.12
28;48.92;65.03;76.16;21.54;58.31;36.35;26.48;32.65;47.01;85.87;43.19;16.64;87.71;33.02;49.4;12.04;13.6;48.75;37.8;29.61;68.15;71.39;76.69;26.25;92.7;51.09;20.25;51.01;0.0;26.0;71.42;59.2;63.51;53.71;45.31
29;73.11;78.16;77.28;34.0;70.34;13.0;40.71;40.02;25.5;93.02;23.6;38.01;88.84;58.67;56.32;23.43;37.48;36.89;33.54;55.36;88.48;80.62;93.94;51.62;95.89;76.28;46.24;65.92;26.0;0.0;65.8;84.6;63.95;57.04;52.47
30;84.01;51.24;20.62;52.43;45.71;57.01;51.88;41.68;49.16;43.93;46.69;87.78;28.46;83.93;33.24;59.4;83.74;29.83;34.21;91.3;78.09;42.06;71.51;78.29;37.7;91.59;82.15;52.01;71.42;65.8;0.0;98.99;16.28;25.18;34.93
31;15.03;56.94;90.14;57.28;57.38;92.57;52.95;62.39;100.3;83.49;95.52;55.8;97.99;26.25;65.76;62.61;52.5;92.23;78.09;34.99;34.21;69.84;49.82;33.02;97.25;8.54;40.31;48.38;59.2;84.6;98.99;0.0;83.74;73.82;64.28
32;68.88;35.11;13.34;42.64;29.43;58.01;40.36;31.24;53.37;32.7;49.65;79.03;25.0;70.71;18.38;51.97;74.52;33.24;30.41;79.4;61.81;27.02;55.54;65.73;32.06;76.66;70.94;36.06;63.51;63.95;16.28;83.74;0.0;10.82;21.1
33;58.86;30.0;22.47;32.45;22.83;52.95;29.7;21.1;50.57;36.22;46.24;68.82;34.0;59.94;8.06;42.54;64.2;31.62;24.33;68.6;54.41;25.94;50.48;54.92;39.56;66.49;60.21;27.29;53.71;57.04;25.18;73.82;10.82;0.0;10.3
34;49.25;27.46;31.89;23.77;19.42;50.7;20.0;13.15;50.8;41.3;46.04;59.68;43.01;49.65;4.12;34.93;54.92;34.21;23.02;58.41;47.85;28.16;46.67;44.65;47.42;56.72;50.21;20.12;45.31;52.47;34.93;64.28;21.1;10.3;0.0
